--
-- PostgreSQL database dump
--

-- Dumped from database version 9.6.12
-- Dumped by pg_dump version 10.7

SET statement_timeout = 0;
SET lock_timeout = 0;
SET idle_in_transaction_session_timeout = 0;
SET client_encoding = 'UTF8';
SET standard_conforming_strings = on;
SELECT pg_catalog.set_config('search_path', '', false);
SET check_function_bodies = false;
SET client_min_messages = warning;
SET row_security = off;

--
-- Name: plpgsql; Type: EXTENSION; Schema: -; Owner: 
--

CREATE EXTENSION IF NOT EXISTS plpgsql WITH SCHEMA pg_catalog;


--
-- Name: EXTENSION plpgsql; Type: COMMENT; Schema: -; Owner: 
--

COMMENT ON EXTENSION plpgsql IS 'PL/pgSQL procedural language';


SET default_tablespace = '';

SET default_with_oids = false;

--
-- Name: ChatMessageAttachments; Type: TABLE; Schema: public; Owner: postgres
--

CREATE TABLE public."ChatMessageAttachments" (
    id integer NOT NULL,
    "messageId" integer NOT NULL,
    type integer NOT NULL,
    "targetId" integer NOT NULL,
    "createdAt" timestamp with time zone NOT NULL,
    "updatedAt" timestamp with time zone NOT NULL
);


ALTER TABLE public."ChatMessageAttachments" OWNER TO postgres;

--
-- Name: ChatMessageAttachments_id_seq; Type: SEQUENCE; Schema: public; Owner: postgres
--

CREATE SEQUENCE public."ChatMessageAttachments_id_seq"
    START WITH 1
    INCREMENT BY 1
    NO MINVALUE
    NO MAXVALUE
    CACHE 1;


ALTER TABLE public."ChatMessageAttachments_id_seq" OWNER TO postgres;

--
-- Name: ChatMessageAttachments_id_seq; Type: SEQUENCE OWNED BY; Schema: public; Owner: postgres
--

ALTER SEQUENCE public."ChatMessageAttachments_id_seq" OWNED BY public."ChatMessageAttachments".id;


--
-- Name: ChatMessages; Type: TABLE; Schema: public; Owner: postgres
--

CREATE TABLE public."ChatMessages" (
    id integer NOT NULL,
    "senderId" integer NOT NULL,
    "roomId" integer NOT NULL,
    content text,
    "createdAt" timestamp with time zone NOT NULL,
    "updatedAt" timestamp with time zone NOT NULL
);


ALTER TABLE public."ChatMessages" OWNER TO postgres;

--
-- Name: ChatMessagesStatus; Type: TABLE; Schema: public; Owner: postgres
--

CREATE TABLE public."ChatMessagesStatus" (
    id integer NOT NULL,
    "userId" integer NOT NULL,
    "messageId" integer NOT NULL,
    "createdAt" timestamp with time zone NOT NULL,
    "updatedAt" timestamp with time zone NOT NULL
);


ALTER TABLE public."ChatMessagesStatus" OWNER TO postgres;

--
-- Name: ChatMessagesStatus_id_seq; Type: SEQUENCE; Schema: public; Owner: postgres
--

CREATE SEQUENCE public."ChatMessagesStatus_id_seq"
    START WITH 1
    INCREMENT BY 1
    NO MINVALUE
    NO MAXVALUE
    CACHE 1;


ALTER TABLE public."ChatMessagesStatus_id_seq" OWNER TO postgres;

--
-- Name: ChatMessagesStatus_id_seq; Type: SEQUENCE OWNED BY; Schema: public; Owner: postgres
--

ALTER SEQUENCE public."ChatMessagesStatus_id_seq" OWNED BY public."ChatMessagesStatus".id;


--
-- Name: ChatMessages_id_seq; Type: SEQUENCE; Schema: public; Owner: postgres
--

CREATE SEQUENCE public."ChatMessages_id_seq"
    START WITH 1
    INCREMENT BY 1
    NO MINVALUE
    NO MAXVALUE
    CACHE 1;


ALTER TABLE public."ChatMessages_id_seq" OWNER TO postgres;

--
-- Name: ChatMessages_id_seq; Type: SEQUENCE OWNED BY; Schema: public; Owner: postgres
--

ALTER SEQUENCE public."ChatMessages_id_seq" OWNED BY public."ChatMessages".id;


--
-- Name: ChatRoomUsers; Type: TABLE; Schema: public; Owner: postgres
--

CREATE TABLE public."ChatRoomUsers" (
    id integer NOT NULL,
    "roomId" integer NOT NULL,
    "userId" integer NOT NULL,
    "lastEnteredAt" timestamp with time zone,
    "createdAt" timestamp with time zone NOT NULL,
    "updatedAt" timestamp with time zone NOT NULL
);


ALTER TABLE public."ChatRoomUsers" OWNER TO postgres;

--
-- Name: ChatRoomUsers_id_seq; Type: SEQUENCE; Schema: public; Owner: postgres
--

CREATE SEQUENCE public."ChatRoomUsers_id_seq"
    START WITH 1
    INCREMENT BY 1
    NO MINVALUE
    NO MAXVALUE
    CACHE 1;


ALTER TABLE public."ChatRoomUsers_id_seq" OWNER TO postgres;

--
-- Name: ChatRoomUsers_id_seq; Type: SEQUENCE OWNED BY; Schema: public; Owner: postgres
--

ALTER SEQUENCE public."ChatRoomUsers_id_seq" OWNED BY public."ChatRoomUsers".id;


--
-- Name: ChatRooms; Type: TABLE; Schema: public; Owner: postgres
--

CREATE TABLE public."ChatRooms" (
    id integer NOT NULL,
    "createdBy" integer NOT NULL,
    "isPrivate" boolean DEFAULT true NOT NULL,
    "targetUserId" integer DEFAULT 0,
    name character varying(255),
    "createdAt" timestamp with time zone NOT NULL,
    "updatedAt" timestamp with time zone NOT NULL,
    "lastMessageId" integer
);


ALTER TABLE public."ChatRooms" OWNER TO postgres;

--
-- Name: ChatRooms_id_seq; Type: SEQUENCE; Schema: public; Owner: postgres
--

CREATE SEQUENCE public."ChatRooms_id_seq"
    START WITH 1
    INCREMENT BY 1
    NO MINVALUE
    NO MAXVALUE
    CACHE 1;


ALTER TABLE public."ChatRooms_id_seq" OWNER TO postgres;

--
-- Name: ChatRooms_id_seq; Type: SEQUENCE OWNED BY; Schema: public; Owner: postgres
--

ALTER SEQUENCE public."ChatRooms_id_seq" OWNED BY public."ChatRooms".id;


--
-- Name: DeepLinks; Type: TABLE; Schema: public; Owner: postgres
--

CREATE TABLE public."DeepLinks" (
    id integer NOT NULL,
    key character varying(255),
    data text NOT NULL,
    type integer DEFAULT 0 NOT NULL,
    activated timestamp with time zone,
    "projectId" integer,
    "createdBy" integer,
    "modifiedBy" integer,
    "createdAt" timestamp with time zone NOT NULL,
    "updatedAt" timestamp with time zone NOT NULL
);


ALTER TABLE public."DeepLinks" OWNER TO postgres;

--
-- Name: DeepLinks_id_seq; Type: SEQUENCE; Schema: public; Owner: postgres
--

CREATE SEQUENCE public."DeepLinks_id_seq"
    START WITH 1
    INCREMENT BY 1
    NO MINVALUE
    NO MAXVALUE
    CACHE 1;


ALTER TABLE public."DeepLinks_id_seq" OWNER TO postgres;

--
-- Name: DeepLinks_id_seq; Type: SEQUENCE OWNED BY; Schema: public; Owner: postgres
--

ALTER SEQUENCE public."DeepLinks_id_seq" OWNED BY public."DeepLinks".id;


--
-- Name: Descriptors; Type: TABLE; Schema: public; Owner: postgres
--

CREATE TABLE public."Descriptors" (
    id integer NOT NULL,
    type integer,
    params json,
    title character varying(255),
    text text,
    "docId" integer,
    "holderId" integer,
    "holderType" integer,
    "createdBy" integer,
    "modifiedBy" integer,
    "createdAt" timestamp with time zone NOT NULL,
    "updatedAt" timestamp with time zone NOT NULL
);


ALTER TABLE public."Descriptors" OWNER TO postgres;

--
-- Name: Descriptors_id_seq; Type: SEQUENCE; Schema: public; Owner: postgres
--

CREATE SEQUENCE public."Descriptors_id_seq"
    START WITH 1
    INCREMENT BY 1
    NO MINVALUE
    NO MAXVALUE
    CACHE 1;


ALTER TABLE public."Descriptors_id_seq" OWNER TO postgres;

--
-- Name: Descriptors_id_seq; Type: SEQUENCE OWNED BY; Schema: public; Owner: postgres
--

ALTER SEQUENCE public."Descriptors_id_seq" OWNED BY public."Descriptors".id;


--
-- Name: DocumentVersions; Type: TABLE; Schema: public; Owner: postgres
--

CREATE TABLE public."DocumentVersions" (
    id integer NOT NULL,
    title character varying(255),
    "documentId" integer,
    "fileId" integer,
    "createdAt" timestamp with time zone NOT NULL,
    "updatedAt" timestamp with time zone NOT NULL
);


ALTER TABLE public."DocumentVersions" OWNER TO postgres;

--
-- Name: DocumentVersions_id_seq; Type: SEQUENCE; Schema: public; Owner: postgres
--

CREATE SEQUENCE public."DocumentVersions_id_seq"
    START WITH 1
    INCREMENT BY 1
    NO MINVALUE
    NO MAXVALUE
    CACHE 1;


ALTER TABLE public."DocumentVersions_id_seq" OWNER TO postgres;

--
-- Name: DocumentVersions_id_seq; Type: SEQUENCE OWNED BY; Schema: public; Owner: postgres
--

ALTER SEQUENCE public."DocumentVersions_id_seq" OWNED BY public."DocumentVersions".id;


--
-- Name: Documents; Type: TABLE; Schema: public; Owner: postgres
--

CREATE TABLE public."Documents" (
    id integer NOT NULL,
    title character varying(255),
    "projectId" integer,
    "parentId" integer,
    level integer,
    "isFolder" boolean DEFAULT false NOT NULL,
    "createdAt" timestamp with time zone NOT NULL,
    "updatedAt" timestamp with time zone NOT NULL,
    "isMultiPage" boolean,
    "shortTitle" character varying(255),
    "modifiedBy" integer,
    "createdBy" integer
);


ALTER TABLE public."Documents" OWNER TO postgres;

--
-- Name: Documents_id_seq; Type: SEQUENCE; Schema: public; Owner: postgres
--

CREATE SEQUENCE public."Documents_id_seq"
    START WITH 1
    INCREMENT BY 1
    NO MINVALUE
    NO MAXVALUE
    CACHE 1;


ALTER TABLE public."Documents_id_seq" OWNER TO postgres;

--
-- Name: Documents_id_seq; Type: SEQUENCE OWNED BY; Schema: public; Owner: postgres
--

ALTER SEQUENCE public."Documents_id_seq" OWNED BY public."Documents".id;


--
-- Name: Events; Type: TABLE; Schema: public; Owner: postgres
--

CREATE TABLE public."Events" (
    id integer NOT NULL,
    type integer,
    title character varying(255),
    "projectId" integer,
    "targetId" integer,
    "createdAt" timestamp with time zone NOT NULL,
    "updatedAt" timestamp with time zone NOT NULL,
    content text
);


ALTER TABLE public."Events" OWNER TO postgres;

--
-- Name: Events_id_seq; Type: SEQUENCE; Schema: public; Owner: postgres
--

CREATE SEQUENCE public."Events_id_seq"
    START WITH 1
    INCREMENT BY 1
    NO MINVALUE
    NO MAXVALUE
    CACHE 1;


ALTER TABLE public."Events_id_seq" OWNER TO postgres;

--
-- Name: Events_id_seq; Type: SEQUENCE OWNED BY; Schema: public; Owner: postgres
--

ALTER SEQUENCE public."Events_id_seq" OWNED BY public."Events".id;


--
-- Name: Files; Type: TABLE; Schema: public; Owner: postgres
--

CREATE TABLE public."Files" (
    id integer NOT NULL,
    type integer DEFAULT 0 NOT NULL,
    fid character varying(255),
    original character varying(255),
    mimetype character varying(255),
    "createdAt" timestamp with time zone NOT NULL,
    "updatedAt" timestamp with time zone NOT NULL,
    "pageNumber" integer,
    "docId" integer,
    "createdBy" integer,
    "modifiedBy" integer,
    "docVersionId" integer,
    actual boolean
);


ALTER TABLE public."Files" OWNER TO postgres;

--
-- Name: Files_id_seq; Type: SEQUENCE; Schema: public; Owner: postgres
--

CREATE SEQUENCE public."Files_id_seq"
    START WITH 1
    INCREMENT BY 1
    NO MINVALUE
    NO MAXVALUE
    CACHE 1;


ALTER TABLE public."Files_id_seq" OWNER TO postgres;

--
-- Name: Files_id_seq; Type: SEQUENCE OWNED BY; Schema: public; Owner: postgres
--

ALTER SEQUENCE public."Files_id_seq" OWNED BY public."Files".id;


--
-- Name: Groups; Type: TABLE; Schema: public; Owner: postgres
--

CREATE TABLE public."Groups" (
    id integer NOT NULL,
    name character varying(255) NOT NULL,
    "parentId" integer,
    "createdAt" timestamp with time zone NOT NULL,
    "updatedAt" timestamp with time zone NOT NULL
);


ALTER TABLE public."Groups" OWNER TO postgres;

--
-- Name: Groups_id_seq; Type: SEQUENCE; Schema: public; Owner: postgres
--

CREATE SEQUENCE public."Groups_id_seq"
    START WITH 1
    INCREMENT BY 1
    NO MINVALUE
    NO MAXVALUE
    CACHE 1;


ALTER TABLE public."Groups_id_seq" OWNER TO postgres;

--
-- Name: Groups_id_seq; Type: SEQUENCE OWNED BY; Schema: public; Owner: postgres
--

ALTER SEQUENCE public."Groups_id_seq" OWNED BY public."Groups".id;


--
-- Name: Notes; Type: TABLE; Schema: public; Owner: postgres
--

CREATE TABLE public."Notes" (
    id integer NOT NULL,
    "userId" integer,
    content text,
    "createdAt" timestamp with time zone NOT NULL,
    "updatedAt" timestamp with time zone NOT NULL
);


ALTER TABLE public."Notes" OWNER TO postgres;

--
-- Name: Notes_id_seq; Type: SEQUENCE; Schema: public; Owner: postgres
--

CREATE SEQUENCE public."Notes_id_seq"
    START WITH 1
    INCREMENT BY 1
    NO MINVALUE
    NO MAXVALUE
    CACHE 1;


ALTER TABLE public."Notes_id_seq" OWNER TO postgres;

--
-- Name: Notes_id_seq; Type: SEQUENCE OWNED BY; Schema: public; Owner: postgres
--

ALTER SEQUENCE public."Notes_id_seq" OWNED BY public."Notes".id;


--
-- Name: Notifications; Type: TABLE; Schema: public; Owner: postgres
--

CREATE TABLE public."Notifications" (
    id integer NOT NULL,
    "userId" integer,
    "eventId" integer,
    status integer DEFAULT 0,
    "createdAt" timestamp with time zone NOT NULL,
    "updatedAt" timestamp with time zone NOT NULL,
    "rId" integer
);


ALTER TABLE public."Notifications" OWNER TO postgres;

--
-- Name: Notifications_id_seq; Type: SEQUENCE; Schema: public; Owner: postgres
--

CREATE SEQUENCE public."Notifications_id_seq"
    START WITH 1
    INCREMENT BY 1
    NO MINVALUE
    NO MAXVALUE
    CACHE 1;


ALTER TABLE public."Notifications_id_seq" OWNER TO postgres;

--
-- Name: Notifications_id_seq; Type: SEQUENCE OWNED BY; Schema: public; Owner: postgres
--

ALTER SEQUENCE public."Notifications_id_seq" OWNED BY public."Notifications".id;


--
-- Name: OrganizationUser; Type: TABLE; Schema: public; Owner: postgres
--

CREATE TABLE public."OrganizationUser" (
    id integer NOT NULL,
    "UserId" integer NOT NULL,
    "OrganizationId" integer NOT NULL,
    "createdAt" timestamp with time zone NOT NULL,
    "updatedAt" timestamp with time zone NOT NULL
);


ALTER TABLE public."OrganizationUser" OWNER TO postgres;

--
-- Name: OrganizationUser_id_seq; Type: SEQUENCE; Schema: public; Owner: postgres
--

CREATE SEQUENCE public."OrganizationUser_id_seq"
    START WITH 1
    INCREMENT BY 1
    NO MINVALUE
    NO MAXVALUE
    CACHE 1;


ALTER TABLE public."OrganizationUser_id_seq" OWNER TO postgres;

--
-- Name: OrganizationUser_id_seq; Type: SEQUENCE OWNED BY; Schema: public; Owner: postgres
--

ALTER SEQUENCE public."OrganizationUser_id_seq" OWNED BY public."OrganizationUser".id;


--
-- Name: Organizations; Type: TABLE; Schema: public; Owner: postgres
--

CREATE TABLE public."Organizations" (
    id integer NOT NULL,
    name character varying(255),
    "createdAt" timestamp with time zone NOT NULL,
    "updatedAt" timestamp with time zone NOT NULL
);


ALTER TABLE public."Organizations" OWNER TO postgres;

--
-- Name: Organizations_id_seq; Type: SEQUENCE; Schema: public; Owner: postgres
--

CREATE SEQUENCE public."Organizations_id_seq"
    START WITH 1
    INCREMENT BY 1
    NO MINVALUE
    NO MAXVALUE
    CACHE 1;


ALTER TABLE public."Organizations_id_seq" OWNER TO postgres;

--
-- Name: Organizations_id_seq; Type: SEQUENCE OWNED BY; Schema: public; Owner: postgres
--

ALTER SEQUENCE public."Organizations_id_seq" OWNED BY public."Organizations".id;


--
-- Name: Positions; Type: TABLE; Schema: public; Owner: postgres
--

CREATE TABLE public."Positions" (
    id integer NOT NULL,
    name character varying(255),
    "createdAt" timestamp with time zone NOT NULL,
    "updatedAt" timestamp with time zone NOT NULL
);


ALTER TABLE public."Positions" OWNER TO postgres;

--
-- Name: Positions_id_seq; Type: SEQUENCE; Schema: public; Owner: postgres
--

CREATE SEQUENCE public."Positions_id_seq"
    START WITH 1
    INCREMENT BY 1
    NO MINVALUE
    NO MAXVALUE
    CACHE 1;


ALTER TABLE public."Positions_id_seq" OWNER TO postgres;

--
-- Name: Positions_id_seq; Type: SEQUENCE OWNED BY; Schema: public; Owner: postgres
--

ALTER SEQUENCE public."Positions_id_seq" OWNED BY public."Positions".id;


--
-- Name: ProjectUser; Type: TABLE; Schema: public; Owner: postgres
--

CREATE TABLE public."ProjectUser" (
    id integer NOT NULL,
    "UserId" integer NOT NULL,
    "ProjectId" integer NOT NULL,
    "createdAt" timestamp with time zone NOT NULL,
    "updatedAt" timestamp with time zone NOT NULL,
    "rightMask" integer
);


ALTER TABLE public."ProjectUser" OWNER TO postgres;

--
-- Name: ProjectUser_id_seq; Type: SEQUENCE; Schema: public; Owner: postgres
--

CREATE SEQUENCE public."ProjectUser_id_seq"
    START WITH 1
    INCREMENT BY 1
    NO MINVALUE
    NO MAXVALUE
    CACHE 1;


ALTER TABLE public."ProjectUser_id_seq" OWNER TO postgres;

--
-- Name: ProjectUser_id_seq; Type: SEQUENCE OWNED BY; Schema: public; Owner: postgres
--

ALTER SEQUENCE public."ProjectUser_id_seq" OWNED BY public."ProjectUser".id;


--
-- Name: Projects; Type: TABLE; Schema: public; Owner: postgres
--

CREATE TABLE public."Projects" (
    id integer NOT NULL,
    title character varying(255),
    "imageId" integer,
    "createdAt" timestamp with time zone NOT NULL,
    "updatedAt" timestamp with time zone NOT NULL,
    "createdBy" integer,
    "modifiedBy" integer
);


ALTER TABLE public."Projects" OWNER TO postgres;

--
-- Name: Projects_id_seq; Type: SEQUENCE; Schema: public; Owner: postgres
--

CREATE SEQUENCE public."Projects_id_seq"
    START WITH 1
    INCREMENT BY 1
    NO MINVALUE
    NO MAXVALUE
    CACHE 1;


ALTER TABLE public."Projects_id_seq" OWNER TO postgres;

--
-- Name: Projects_id_seq; Type: SEQUENCE OWNED BY; Schema: public; Owner: postgres
--

ALTER SEQUENCE public."Projects_id_seq" OWNED BY public."Projects".id;


--
-- Name: RegistrationIds; Type: TABLE; Schema: public; Owner: postgres
--

CREATE TABLE public."RegistrationIds" (
    id integer NOT NULL,
    "regId" character varying(255) NOT NULL,
    "deviceType" integer,
    "userId" integer,
    "createdAt" timestamp with time zone NOT NULL,
    "updatedAt" timestamp with time zone NOT NULL
);


ALTER TABLE public."RegistrationIds" OWNER TO postgres;

--
-- Name: RegistrationIds_id_seq; Type: SEQUENCE; Schema: public; Owner: postgres
--

CREATE SEQUENCE public."RegistrationIds_id_seq"
    START WITH 1
    INCREMENT BY 1
    NO MINVALUE
    NO MAXVALUE
    CACHE 1;


ALTER TABLE public."RegistrationIds_id_seq" OWNER TO postgres;

--
-- Name: RegistrationIds_id_seq; Type: SEQUENCE OWNED BY; Schema: public; Owner: postgres
--

ALTER SEQUENCE public."RegistrationIds_id_seq" OWNED BY public."RegistrationIds".id;


--
-- Name: Rights; Type: TABLE; Schema: public; Owner: postgres
--

CREATE TABLE public."Rights" (
    id integer NOT NULL,
    "refId" integer NOT NULL,
    entity character varying(255) NOT NULL,
    operation character varying(255) NOT NULL,
    sign integer NOT NULL,
    "groupId" integer NOT NULL,
    "userId" integer NOT NULL,
    "createdAt" timestamp with time zone NOT NULL,
    "updatedAt" timestamp with time zone NOT NULL
);


ALTER TABLE public."Rights" OWNER TO postgres;

--
-- Name: Rights_id_seq; Type: SEQUENCE; Schema: public; Owner: postgres
--

CREATE SEQUENCE public."Rights_id_seq"
    START WITH 1
    INCREMENT BY 1
    NO MINVALUE
    NO MAXVALUE
    CACHE 1;


ALTER TABLE public."Rights_id_seq" OWNER TO postgres;

--
-- Name: Rights_id_seq; Type: SEQUENCE OWNED BY; Schema: public; Owner: postgres
--

ALTER SEQUENCE public."Rights_id_seq" OWNED BY public."Rights".id;


--
-- Name: SequelizeMeta; Type: TABLE; Schema: public; Owner: postgres
--

CREATE TABLE public."SequelizeMeta" (
    name character varying(255) NOT NULL
);


ALTER TABLE public."SequelizeMeta" OWNER TO postgres;

--
-- Name: Tasks; Type: TABLE; Schema: public; Owner: postgres
--

CREATE TABLE public."Tasks" (
    id integer NOT NULL,
    log character varying(255),
    "refId" integer,
    type integer,
    status integer,
    "createdAt" timestamp with time zone NOT NULL,
    "updatedAt" timestamp with time zone NOT NULL,
    "docId" integer
);


ALTER TABLE public."Tasks" OWNER TO postgres;

--
-- Name: Tasks_id_seq; Type: SEQUENCE; Schema: public; Owner: postgres
--

CREATE SEQUENCE public."Tasks_id_seq"
    START WITH 1
    INCREMENT BY 1
    NO MINVALUE
    NO MAXVALUE
    CACHE 1;


ALTER TABLE public."Tasks_id_seq" OWNER TO postgres;

--
-- Name: Tasks_id_seq; Type: SEQUENCE OWNED BY; Schema: public; Owner: postgres
--

ALTER SEQUENCE public."Tasks_id_seq" OWNED BY public."Tasks".id;


--
-- Name: Tokens; Type: TABLE; Schema: public; Owner: postgres
--

CREATE TABLE public."Tokens" (
    id integer NOT NULL,
    token character varying(255),
    "UserId" integer,
    "syncAt" timestamp with time zone,
    "createdAt" timestamp with time zone NOT NULL,
    "updatedAt" timestamp with time zone NOT NULL
);


ALTER TABLE public."Tokens" OWNER TO postgres;

--
-- Name: Tokens_id_seq; Type: SEQUENCE; Schema: public; Owner: postgres
--

CREATE SEQUENCE public."Tokens_id_seq"
    START WITH 1
    INCREMENT BY 1
    NO MINVALUE
    NO MAXVALUE
    CACHE 1;


ALTER TABLE public."Tokens_id_seq" OWNER TO postgres;

--
-- Name: Tokens_id_seq; Type: SEQUENCE OWNED BY; Schema: public; Owner: postgres
--

ALTER SEQUENCE public."Tokens_id_seq" OWNED BY public."Tokens".id;


--
-- Name: UserGroups; Type: TABLE; Schema: public; Owner: postgres
--

CREATE TABLE public."UserGroups" (
    id integer NOT NULL,
    "userId" integer NOT NULL,
    "groupId" integer NOT NULL,
    "createdAt" timestamp with time zone NOT NULL,
    "updatedAt" timestamp with time zone NOT NULL
);


ALTER TABLE public."UserGroups" OWNER TO postgres;

--
-- Name: UserGroups_id_seq; Type: SEQUENCE; Schema: public; Owner: postgres
--

CREATE SEQUENCE public."UserGroups_id_seq"
    START WITH 1
    INCREMENT BY 1
    NO MINVALUE
    NO MAXVALUE
    CACHE 1;


ALTER TABLE public."UserGroups_id_seq" OWNER TO postgres;

--
-- Name: UserGroups_id_seq; Type: SEQUENCE OWNED BY; Schema: public; Owner: postgres
--

ALTER SEQUENCE public."UserGroups_id_seq" OWNED BY public."UserGroups".id;


--
-- Name: Users; Type: TABLE; Schema: public; Owner: postgres
--

CREATE TABLE public."Users" (
    id integer NOT NULL,
    name character varying(255),
    email character varying(255),
    "firstName" character varying(255),
    "secondName" character varying(255),
    "lastName" character varying(255),
    "phoneNumber" character varying(255),
    password character varying(255),
    "positionId" integer,
    "createdAt" timestamp with time zone NOT NULL,
    "updatedAt" timestamp with time zone NOT NULL,
    "isActive" boolean DEFAULT true,
    "activationCode" character varying(255),
    "isAdmin" boolean DEFAULT false
);


ALTER TABLE public."Users" OWNER TO postgres;

--
-- Name: Users_id_seq; Type: SEQUENCE; Schema: public; Owner: postgres
--

CREATE SEQUENCE public."Users_id_seq"
    START WITH 1
    INCREMENT BY 1
    NO MINVALUE
    NO MAXVALUE
    CACHE 1;


ALTER TABLE public."Users_id_seq" OWNER TO postgres;

--
-- Name: Users_id_seq; Type: SEQUENCE OWNED BY; Schema: public; Owner: postgres
--

ALTER SEQUENCE public."Users_id_seq" OWNED BY public."Users".id;


--
-- Name: ChatMessageAttachments id; Type: DEFAULT; Schema: public; Owner: postgres
--

ALTER TABLE ONLY public."ChatMessageAttachments" ALTER COLUMN id SET DEFAULT nextval('public."ChatMessageAttachments_id_seq"'::regclass);


--
-- Name: ChatMessages id; Type: DEFAULT; Schema: public; Owner: postgres
--

ALTER TABLE ONLY public."ChatMessages" ALTER COLUMN id SET DEFAULT nextval('public."ChatMessages_id_seq"'::regclass);


--
-- Name: ChatMessagesStatus id; Type: DEFAULT; Schema: public; Owner: postgres
--

ALTER TABLE ONLY public."ChatMessagesStatus" ALTER COLUMN id SET DEFAULT nextval('public."ChatMessagesStatus_id_seq"'::regclass);


--
-- Name: ChatRoomUsers id; Type: DEFAULT; Schema: public; Owner: postgres
--

ALTER TABLE ONLY public."ChatRoomUsers" ALTER COLUMN id SET DEFAULT nextval('public."ChatRoomUsers_id_seq"'::regclass);


--
-- Name: ChatRooms id; Type: DEFAULT; Schema: public; Owner: postgres
--

ALTER TABLE ONLY public."ChatRooms" ALTER COLUMN id SET DEFAULT nextval('public."ChatRooms_id_seq"'::regclass);


--
-- Name: DeepLinks id; Type: DEFAULT; Schema: public; Owner: postgres
--

ALTER TABLE ONLY public."DeepLinks" ALTER COLUMN id SET DEFAULT nextval('public."DeepLinks_id_seq"'::regclass);


--
-- Name: Descriptors id; Type: DEFAULT; Schema: public; Owner: postgres
--

ALTER TABLE ONLY public."Descriptors" ALTER COLUMN id SET DEFAULT nextval('public."Descriptors_id_seq"'::regclass);


--
-- Name: DocumentVersions id; Type: DEFAULT; Schema: public; Owner: postgres
--

ALTER TABLE ONLY public."DocumentVersions" ALTER COLUMN id SET DEFAULT nextval('public."DocumentVersions_id_seq"'::regclass);


--
-- Name: Documents id; Type: DEFAULT; Schema: public; Owner: postgres
--

ALTER TABLE ONLY public."Documents" ALTER COLUMN id SET DEFAULT nextval('public."Documents_id_seq"'::regclass);


--
-- Name: Events id; Type: DEFAULT; Schema: public; Owner: postgres
--

ALTER TABLE ONLY public."Events" ALTER COLUMN id SET DEFAULT nextval('public."Events_id_seq"'::regclass);


--
-- Name: Files id; Type: DEFAULT; Schema: public; Owner: postgres
--

ALTER TABLE ONLY public."Files" ALTER COLUMN id SET DEFAULT nextval('public."Files_id_seq"'::regclass);


--
-- Name: Groups id; Type: DEFAULT; Schema: public; Owner: postgres
--

ALTER TABLE ONLY public."Groups" ALTER COLUMN id SET DEFAULT nextval('public."Groups_id_seq"'::regclass);


--
-- Name: Notes id; Type: DEFAULT; Schema: public; Owner: postgres
--

ALTER TABLE ONLY public."Notes" ALTER COLUMN id SET DEFAULT nextval('public."Notes_id_seq"'::regclass);


--
-- Name: Notifications id; Type: DEFAULT; Schema: public; Owner: postgres
--

ALTER TABLE ONLY public."Notifications" ALTER COLUMN id SET DEFAULT nextval('public."Notifications_id_seq"'::regclass);


--
-- Name: OrganizationUser id; Type: DEFAULT; Schema: public; Owner: postgres
--

ALTER TABLE ONLY public."OrganizationUser" ALTER COLUMN id SET DEFAULT nextval('public."OrganizationUser_id_seq"'::regclass);


--
-- Name: Organizations id; Type: DEFAULT; Schema: public; Owner: postgres
--

ALTER TABLE ONLY public."Organizations" ALTER COLUMN id SET DEFAULT nextval('public."Organizations_id_seq"'::regclass);


--
-- Name: Positions id; Type: DEFAULT; Schema: public; Owner: postgres
--

ALTER TABLE ONLY public."Positions" ALTER COLUMN id SET DEFAULT nextval('public."Positions_id_seq"'::regclass);


--
-- Name: ProjectUser id; Type: DEFAULT; Schema: public; Owner: postgres
--

ALTER TABLE ONLY public."ProjectUser" ALTER COLUMN id SET DEFAULT nextval('public."ProjectUser_id_seq"'::regclass);


--
-- Name: Projects id; Type: DEFAULT; Schema: public; Owner: postgres
--

ALTER TABLE ONLY public."Projects" ALTER COLUMN id SET DEFAULT nextval('public."Projects_id_seq"'::regclass);


--
-- Name: RegistrationIds id; Type: DEFAULT; Schema: public; Owner: postgres
--

ALTER TABLE ONLY public."RegistrationIds" ALTER COLUMN id SET DEFAULT nextval('public."RegistrationIds_id_seq"'::regclass);


--
-- Name: Rights id; Type: DEFAULT; Schema: public; Owner: postgres
--

ALTER TABLE ONLY public."Rights" ALTER COLUMN id SET DEFAULT nextval('public."Rights_id_seq"'::regclass);


--
-- Name: Tasks id; Type: DEFAULT; Schema: public; Owner: postgres
--

ALTER TABLE ONLY public."Tasks" ALTER COLUMN id SET DEFAULT nextval('public."Tasks_id_seq"'::regclass);


--
-- Name: Tokens id; Type: DEFAULT; Schema: public; Owner: postgres
--

ALTER TABLE ONLY public."Tokens" ALTER COLUMN id SET DEFAULT nextval('public."Tokens_id_seq"'::regclass);


--
-- Name: UserGroups id; Type: DEFAULT; Schema: public; Owner: postgres
--

ALTER TABLE ONLY public."UserGroups" ALTER COLUMN id SET DEFAULT nextval('public."UserGroups_id_seq"'::regclass);


--
-- Name: Users id; Type: DEFAULT; Schema: public; Owner: postgres
--

ALTER TABLE ONLY public."Users" ALTER COLUMN id SET DEFAULT nextval('public."Users_id_seq"'::regclass);


--
-- Data for Name: ChatMessageAttachments; Type: TABLE DATA; Schema: public; Owner: postgres
--

COPY public."ChatMessageAttachments" (id, "messageId", type, "targetId", "createdAt", "updatedAt") FROM stdin;
2	97	0	52	2018-01-25 03:35:07.803+07	2018-01-25 03:35:07.803+07
3	98	0	52	2018-01-25 03:43:19.814+07	2018-01-25 03:43:19.814+07
4	99	0	52	2018-01-25 03:46:39.554+07	2018-01-25 03:46:39.554+07
5	100	0	52	2018-02-02 12:37:06.7+07	2018-02-02 12:37:06.7+07
6	101	0	52	2018-02-03 13:34:42.598+07	2018-02-03 13:34:42.598+07
\.


--
-- Data for Name: ChatMessages; Type: TABLE DATA; Schema: public; Owner: postgres
--

COPY public."ChatMessages" (id, "senderId", "roomId", content, "createdAt", "updatedAt") FROM stdin;
94	1	16	test attachment 52	2018-01-25 03:24:17.411+07	2018-01-25 03:24:17.411+07
95	1	14	test	2018-01-25 03:33:10.5+07	2018-01-25 03:33:10.5+07
96	1	14	sdf	2018-01-25 03:33:49.527+07	2018-01-25 03:33:49.527+07
97	1	14	test attachment 52	2018-01-25 03:35:07.792+07	2018-01-25 03:35:07.792+07
98	1	14	test attachment 52	2018-01-25 03:43:19.796+07	2018-01-25 03:43:19.796+07
99	1	16	test attachment 52	2018-01-25 03:46:39.54+07	2018-01-25 03:46:39.54+07
100	1	16		2018-02-02 12:37:06.656+07	2018-02-02 12:37:06.656+07
101	1	14	test attachment 52	2018-02-03 13:34:42.516+07	2018-02-03 13:34:42.516+07
102	1	14	sdaf	2018-03-26 03:40:07.774+07	2018-03-26 03:40:07.774+07
103	1	15	sadf	2018-03-26 03:40:40.324+07	2018-03-26 03:40:40.324+07
104	1	14	asdfasdf	2018-03-27 03:17:02.199+07	2018-03-27 03:17:02.199+07
105	1	14	asdf	2018-03-29 03:03:07.184+07	2018-03-29 03:03:07.184+07
106	1	14	saf	2018-03-29 03:24:42.856+07	2018-03-29 03:24:42.856+07
107	1	14	test	2018-03-29 03:35:27.775+07	2018-03-29 03:35:27.775+07
108	1	14	asdf	2018-03-29 03:36:59.189+07	2018-03-29 03:36:59.189+07
109	1	14	asdf	2018-03-29 03:56:33.891+07	2018-03-29 03:56:33.891+07
110	1	14	asdf	2018-03-29 03:56:58.285+07	2018-03-29 03:56:58.285+07
111	1	14	sadf	2018-03-29 03:58:08.377+07	2018-03-29 03:58:08.377+07
112	3	14	asfahjk asdf	2018-04-03 04:51:30.958+07	2018-04-03 04:51:30.958+07
113	3	14	ии что?	2018-04-03 04:53:28.655+07	2018-04-03 04:53:28.655+07
114	1	14	тест	2018-04-03 05:02:16.035+07	2018-04-03 05:02:16.035+07
115	1	14	asdfasf	2018-04-03 05:05:24.905+07	2018-04-03 05:05:24.905+07
116	3	14	делай дело	2018-04-03 05:17:31.779+07	2018-04-03 05:17:31.779+07
117	3	14	нщг	2018-04-03 05:18:11.358+07	2018-04-03 05:18:11.358+07
118	1	14	asfd	2018-04-03 05:19:17.439+07	2018-04-03 05:19:17.439+07
119	1	4	sadf	2018-04-04 03:18:09+07	2018-04-04 03:18:09+07
120	1	18	test	2018-04-06 03:10:33.634+07	2018-04-06 03:10:33.634+07
121	1	18	saf	2018-04-06 03:10:39.011+07	2018-04-06 03:10:39.011+07
122	1	18	test	2018-04-06 03:13:38.294+07	2018-04-06 03:13:38.294+07
123	1	18	sadf	2018-04-09 02:01:05.803+07	2018-04-09 02:01:05.803+07
124	1	18	asdf asd f	2018-04-09 02:01:07.735+07	2018-04-09 02:01:07.735+07
125	1	14	the last	2018-04-09 02:03:39.951+07	2018-04-09 02:03:39.951+07
126	1	18	12	2018-04-09 02:17:34.371+07	2018-04-09 02:17:34.371+07
127	1	18	asdf	2018-04-09 02:19:55.091+07	2018-04-09 02:19:55.091+07
128	1	18	sdf	2018-04-09 02:33:06.946+07	2018-04-09 02:33:06.946+07
129	1	18	sadfasf	2018-04-09 02:35:20.218+07	2018-04-09 02:35:20.218+07
130	1	14	the last agaig	2018-04-09 02:35:30.216+07	2018-04-09 02:35:30.216+07
131	1	18	the last	2018-04-09 02:37:17.423+07	2018-04-09 02:37:17.423+07
132	1	14	its ok!	2018-04-09 02:37:24.049+07	2018-04-09 02:37:24.049+07
133	1	14	test	2018-04-17 22:44:51.337+07	2018-04-17 22:44:51.337+07
134	1	18	ok	2018-04-17 22:51:14.879+07	2018-04-17 22:51:14.879+07
135	1	18	123	2018-08-16 12:07:56.745+07	2018-08-16 12:07:56.745+07
78	1	5	test	2017-12-02 08:42:47.968+07	2017-12-02 08:42:47.968+07
79	1	5	test	2017-12-02 08:49:29.916+07	2017-12-02 08:49:29.916+07
80	1	6	ok	2017-12-02 08:50:25.885+07	2017-12-02 08:50:25.885+07
81	1	6	bsadf	2017-12-02 08:51:31.136+07	2017-12-02 08:51:31.136+07
82	1	6	test	2017-12-02 08:53:11.561+07	2017-12-02 08:53:11.561+07
83	1	6	now ok	2017-12-02 08:53:41.063+07	2017-12-02 08:53:41.063+07
84	1	6	now trully ok	2017-12-02 08:53:53.268+07	2017-12-02 08:53:53.268+07
85	1	6	sadf asdf asdf as fas fas f	2017-12-02 08:53:57.763+07	2017-12-02 08:53:57.763+07
86	1	6	sdfj;sa sadfj;asf;asjflsakjf lsdjf;asj fla;sjfsa djf;as fjas fas fsad af	2017-12-02 09:00:10.552+07	2017-12-02 09:00:10.552+07
87	1	10	test	2017-12-02 10:10:44.4+07	2017-12-02 10:10:44.4+07
88	1	14	test	2017-12-02 10:18:14.722+07	2017-12-02 10:18:14.722+07
89	3	15	еуые	2017-12-02 10:21:27.519+07	2017-12-02 10:21:27.519+07
90	1	14	ок вроде	2017-12-02 10:22:31.746+07	2017-12-02 10:22:31.746+07
91	3	14	как?	2017-12-02 10:22:44.378+07	2017-12-02 10:22:44.378+07
92	3	16	ok?	2017-12-02 10:24:10.758+07	2017-12-02 10:24:10.758+07
93	3	17	test	2017-12-02 10:27:28.792+07	2017-12-02 10:27:28.792+07
136	1	18	sdf	2018-08-16 12:08:10.39+07	2018-08-16 12:08:10.39+07
137	1	18	123	2018-08-16 12:08:39.798+07	2018-08-16 12:08:39.798+07
138	1	18	sdf	2018-08-16 12:14:08.076+07	2018-08-16 12:14:08.076+07
139	1	14	sdf	2018-08-16 12:14:48.955+07	2018-08-16 12:14:48.955+07
140	1	18	asdf	2018-08-17 12:53:35.584+07	2018-08-17 12:53:35.584+07
141	1	18	asdf	2018-08-17 12:54:55.069+07	2018-08-17 12:54:55.069+07
142	1	18	jgk	2018-08-19 18:50:35.695+07	2018-08-19 18:50:35.695+07
143	1	14	123	2018-08-19 18:51:13.401+07	2018-08-19 18:51:13.401+07
144	1	14	ssss	2018-08-19 18:51:17.633+07	2018-08-19 18:51:17.633+07
145	1	14	asdf	2018-08-19 18:56:37.42+07	2018-08-19 18:56:37.42+07
146	1	14	asdf	2018-08-19 18:56:52.239+07	2018-08-19 18:56:52.239+07
147	1	14	3424fds	2018-08-19 18:56:54.003+07	2018-08-19 18:56:54.003+07
148	1	5	sadf	2018-08-19 18:58:54.264+07	2018-08-19 18:58:54.264+07
149	1	5	kljjk	2018-08-19 19:28:26.685+07	2018-08-19 19:28:26.685+07
150	1	20	12313	2018-08-19 19:41:36.87+07	2018-08-19 19:41:36.87+07
151	1	19	sadf	2018-08-19 19:41:53.201+07	2018-08-19 19:41:53.201+07
152	1	20	sadf3445352	2018-08-19 19:42:01.683+07	2018-08-19 19:42:01.683+07
153	1	20	2fdsa	2018-08-19 19:54:42.109+07	2018-08-19 19:54:42.109+07
154	1	19	asdfasdf	2018-08-19 19:54:45.496+07	2018-08-19 19:54:45.496+07
155	1	19	h1	2018-08-19 19:54:54.922+07	2018-08-19 19:54:54.922+07
156	1	21	sadfa	2018-09-04 13:08:35.801+07	2018-09-04 13:08:35.801+07
157	1	21	sfa	2018-09-04 13:09:56.19+07	2018-09-04 13:09:56.19+07
158	1	19	sdafasdf	2018-09-04 13:10:02.391+07	2018-09-04 13:10:02.391+07
159	1	19	safdasdf	2018-09-04 13:10:09.361+07	2018-09-04 13:10:09.361+07
160	1	21	231231	2018-09-04 13:10:12.975+07	2018-09-04 13:10:12.975+07
161	1	19	asdfas	2018-09-04 13:11:21.575+07	2018-09-04 13:11:21.575+07
162	1	14	test	2018-10-22 15:37:55.318+07	2018-10-22 15:37:55.318+07
163	1	19	asdf	2018-10-31 13:15:12.231+07	2018-10-31 13:15:12.231+07
164	1	5	sadf as f	2018-10-31 13:15:17.029+07	2018-10-31 13:15:17.029+07
165	1	5	test	2019-02-01 18:00:46.121+07	2019-02-01 18:00:46.121+07
166	1	5	test	2019-02-05 17:17:34.297+07	2019-02-05 17:17:34.297+07
167	1	5	asdf	2019-02-05 17:29:06.014+07	2019-02-05 17:29:06.014+07
168	1	5	asdf	2019-02-05 17:32:07.36+07	2019-02-05 17:32:07.36+07
169	1	5	свежачок	2019-02-05 17:37:15.63+07	2019-02-05 17:37:15.63+07
170	1	5	test	2019-04-01 12:15:14.936+07	2019-04-01 12:15:14.936+07
171	1	5	asfd	2019-04-01 12:16:40.494+07	2019-04-01 12:16:40.494+07
172	1	5	asdf	2019-04-01 12:18:27.648+07	2019-04-01 12:18:27.648+07
173	1	5	aasdf	2019-04-01 14:33:25.514+07	2019-04-01 14:33:25.514+07
174	3	5	test	2019-04-01 14:35:39.671+07	2019-04-01 14:35:39.671+07
175	3	5	test	2019-04-01 14:37:44.883+07	2019-04-01 14:37:44.883+07
176	3	5	123	2019-04-01 14:46:34.909+07	2019-04-01 14:46:34.909+07
177	1	5	test	2019-04-05 10:57:33.324+07	2019-04-05 10:57:33.324+07
178	1	5	test	2019-04-05 10:58:11.555+07	2019-04-05 10:58:11.555+07
179	1	5	tes	2019-04-05 11:02:27.002+07	2019-04-05 11:02:27.002+07
180	1	5	test	2019-05-23 11:29:32.92+07	2019-05-23 11:29:32.92+07
181	1	22	еуые	2019-05-24 23:51:16.94+07	2019-05-24 23:51:16.94+07
182	1	22	ntcn	2019-05-24 23:52:36.191+07	2019-05-24 23:52:36.191+07
183	1	22	test	2019-05-25 00:02:09.653+07	2019-05-25 00:02:09.653+07
184	1	22	test	2019-05-25 00:11:01.211+07	2019-05-25 00:11:01.211+07
185	1	22	supertest	2019-05-28 18:13:22.624+07	2019-05-28 18:13:22.624+07
\.


--
-- Data for Name: ChatMessagesStatus; Type: TABLE DATA; Schema: public; Owner: postgres
--

COPY public."ChatMessagesStatus" (id, "userId", "messageId", "createdAt", "updatedAt") FROM stdin;
\.


--
-- Data for Name: ChatRoomUsers; Type: TABLE DATA; Schema: public; Owner: postgres
--

COPY public."ChatRoomUsers" (id, "roomId", "userId", "lastEnteredAt", "createdAt", "updatedAt") FROM stdin;
17	6	1	\N	2017-11-30 03:42:04.103+07	2017-11-30 03:42:04.103+07
18	6	3	\N	2017-11-30 03:42:04.103+07	2017-11-30 03:42:04.103+07
19	6	44	\N	2017-11-30 03:42:04.103+07	2017-11-30 03:42:04.103+07
20	7	1	\N	2017-11-30 03:43:36.715+07	2017-11-30 03:43:36.715+07
21	7	3	\N	2017-11-30 03:43:36.715+07	2017-11-30 03:43:36.715+07
22	7	44	\N	2017-11-30 03:43:36.715+07	2017-11-30 03:43:36.715+07
23	8	3	\N	2017-12-01 03:36:41.582+07	2017-12-01 03:36:41.582+07
24	8	1	\N	2017-12-01 03:36:41.582+07	2017-12-01 03:36:41.582+07
25	8	43	\N	2017-12-01 03:36:41.582+07	2017-12-01 03:36:41.582+07
26	8	44	\N	2017-12-01 03:36:41.582+07	2017-12-01 03:36:41.582+07
27	11	1	\N	2017-12-02 10:13:56.612+07	2017-12-02 10:13:56.612+07
28	11	3	\N	2017-12-02 10:13:56.612+07	2017-12-02 10:13:56.612+07
29	11	44	\N	2017-12-02 10:13:56.612+07	2017-12-02 10:13:56.612+07
30	12	1	\N	2017-12-02 10:15:13.159+07	2017-12-02 10:15:13.159+07
31	12	3	\N	2017-12-02 10:15:13.159+07	2017-12-02 10:15:13.159+07
32	12	44	\N	2017-12-02 10:15:13.159+07	2017-12-02 10:15:13.159+07
33	13	1	\N	2017-12-02 10:15:49.804+07	2017-12-02 10:15:49.804+07
34	13	3	\N	2017-12-02 10:15:49.804+07	2017-12-02 10:15:49.804+07
35	13	44	\N	2017-12-02 10:15:49.804+07	2017-12-02 10:15:49.804+07
36	14	1	\N	2017-12-02 10:18:09.622+07	2017-12-02 10:18:09.622+07
37	14	3	\N	2017-12-02 10:18:09.622+07	2017-12-02 10:18:09.622+07
38	14	44	\N	2017-12-02 10:18:09.622+07	2017-12-02 10:18:09.622+07
39	15	3	\N	2017-12-02 10:18:47.087+07	2017-12-02 10:18:47.087+07
40	15	1	\N	2017-12-02 10:18:47.087+07	2017-12-02 10:18:47.087+07
41	15	43	\N	2017-12-02 10:18:47.087+07	2017-12-02 10:18:47.087+07
42	15	44	\N	2017-12-02 10:18:47.087+07	2017-12-02 10:18:47.087+07
43	16	3	\N	2017-12-02 10:24:06.172+07	2017-12-02 10:24:06.172+07
44	16	1	\N	2017-12-02 10:24:06.172+07	2017-12-02 10:24:06.172+07
45	16	43	\N	2017-12-02 10:24:06.172+07	2017-12-02 10:24:06.172+07
46	16	44	\N	2017-12-02 10:24:06.172+07	2017-12-02 10:24:06.172+07
47	17	3	\N	2017-12-02 10:27:23.369+07	2017-12-02 10:27:23.369+07
48	17	1	\N	2017-12-02 10:27:23.369+07	2017-12-02 10:27:23.369+07
49	17	43	\N	2017-12-02 10:27:23.369+07	2017-12-02 10:27:23.369+07
50	18	1	\N	2018-04-04 03:16:22.298+07	2018-04-04 03:16:22.298+07
51	18	3	\N	2018-04-04 03:16:22.298+07	2018-04-04 03:16:22.298+07
52	18	44	\N	2018-04-04 03:16:22.298+07	2018-04-04 03:16:22.298+07
53	19	1	\N	2018-08-19 19:35:31.157+07	2018-08-19 19:35:31.157+07
54	19	3	\N	2018-08-19 19:35:31.157+07	2018-08-19 19:35:31.157+07
55	19	44	\N	2018-08-19 19:35:31.157+07	2018-08-19 19:35:31.157+07
56	20	1	\N	2018-08-19 19:41:32.317+07	2018-08-19 19:41:32.317+07
57	20	3	\N	2018-08-19 19:41:32.317+07	2018-08-19 19:41:32.317+07
58	20	44	\N	2018-08-19 19:41:32.317+07	2018-08-19 19:41:32.317+07
59	21	1	\N	2018-09-04 13:08:31.235+07	2018-09-04 13:08:31.235+07
60	21	3	\N	2018-09-04 13:08:31.235+07	2018-09-04 13:08:31.235+07
61	21	44	\N	2018-09-04 13:08:31.235+07	2018-09-04 13:08:31.235+07
62	22	1	\N	2018-10-02 08:55:20.504+07	2018-10-02 08:55:20.504+07
63	22	3	\N	2018-10-02 08:55:20.504+07	2018-10-02 08:55:20.504+07
64	22	44	\N	2018-10-02 08:55:20.504+07	2018-10-02 08:55:20.504+07
\.


--
-- Data for Name: ChatRooms; Type: TABLE DATA; Schema: public; Owner: postgres
--

COPY public."ChatRooms" (id, "createdBy", "isPrivate", "targetUserId", name, "createdAt", "updatedAt", "lastMessageId") FROM stdin;
8	3	f	0	Hohoho	2017-12-01 03:36:41.556+07	2017-12-02 07:54:27.469+07	69
20	1	f	0	asdfasdfasdf	2018-08-19 19:41:32.229+07	2018-08-19 19:54:42.128+07	153
6	1	f	0	Test	2017-11-30 03:42:03.921+07	2017-12-02 09:00:10.563+07	86
9	1	f	0	NewTest	2017-12-02 10:08:18.659+07	2017-12-02 10:08:18.659+07	\N
10	1	f	0	NewTest	2017-12-02 10:10:20.508+07	2017-12-02 10:10:44.455+07	87
11	1	f	0	Opana	2017-12-02 10:13:56.559+07	2017-12-02 10:13:56.559+07	\N
12	1	f	0	Opana2	2017-12-02 10:15:13.114+07	2017-12-02 10:15:13.114+07	\N
13	1	f	0	AOpana	2017-12-02 10:15:49.744+07	2017-12-02 10:15:49.744+07	\N
21	1	f	0	sadf	2018-09-04 13:08:31.184+07	2018-09-04 13:10:13.004+07	160
19	1	f	0	123123123	2018-08-19 19:35:31.119+07	2018-10-31 13:15:12.271+07	163
17	3	f	0	That will be ok	2017-12-02 10:27:23.359+07	2017-12-02 10:27:28.798+07	93
16	3	f	0	Even more test	2017-12-02 10:24:06.151+07	2018-02-02 12:37:06.723+07	100
15	3	f	0	Cooliki	2017-12-02 10:18:47.069+07	2018-03-26 03:40:40.331+07	103
5	1	t	3		2017-11-26 05:22:50.33+07	2019-05-23 11:29:32.935+07	180
18	1	f	0	tesasdfasdf	2018-04-04 03:16:22.068+07	2018-08-19 18:50:35.743+07	142
23	1	t	44		2019-05-25 00:17:32.149+07	2019-05-25 00:17:32.149+07	\N
22	1	f	0	asdf	2018-10-02 08:55:20.392+07	2019-05-28 18:13:22.668+07	185
\.


--
-- Data for Name: DeepLinks; Type: TABLE DATA; Schema: public; Owner: postgres
--

COPY public."DeepLinks" (id, key, data, type, activated, "projectId", "createdBy", "modifiedBy", "createdAt", "updatedAt") FROM stdin;
1	8c51d18a2d0059df5d260cd6a0bf5297	{"rightMask":1}	0	\N	1	1	1	2019-06-05 12:18:25.534+07	2019-06-05 12:18:25.534+07
2	ee2ecc2e2e67e740ccbf460a074e2d76	{"rightMask":1}	0	\N	1	1	1	2019-06-05 12:21:23.831+07	2019-06-05 12:21:23.831+07
3	60d34df3d7b3f30b2941041c4fc45d85	{"rightMask":1}	0	\N	1	1	1	2019-06-05 12:22:49.193+07	2019-06-05 12:22:49.193+07
4	3a870f78231263ec25e0fa6cc42094a5	{"rightMask":1}	0	\N	1	1	1	2019-06-05 12:23:56.141+07	2019-06-05 12:23:56.141+07
5	1637eab83dcda874b56ca57acdd1e8a2	{"rightMask":1}	0	\N	1	1	1	2019-06-05 12:24:57.644+07	2019-06-05 12:24:57.644+07
6	d1b86dfcca436cc9ec7e9cbf243f374b	{"rightMask":1}	0	\N	1	1	1	2019-06-05 12:25:50.483+07	2019-06-05 12:25:50.483+07
7	8d45b51faecf80cfb4436c361d10d22f	{"rightMask":1}	0	\N	1	1	1	2019-06-05 12:27:15.399+07	2019-06-05 12:27:15.399+07
8	e8a31157ccbdfe2cf41806669a1e6232	{"rightMask":1}	0	\N	1	1	1	2019-06-05 12:27:42.44+07	2019-06-05 12:27:42.44+07
9	550da06daf3986caeb06db2878187cd7	{"rightMask":1}	0	\N	1	1	1	2019-06-05 12:28:59.232+07	2019-06-05 12:28:59.232+07
10	36074c0f578f07102da6ebf7cfbba1c7	{"rightMask":1}	0	\N	1	1	1	2019-06-05 12:29:02.582+07	2019-06-05 12:29:02.582+07
11	8b49934e09794cb9671b3da8919b8670	{"rightMask":1}	0	\N	1	1	1	2019-06-05 12:31:17.781+07	2019-06-05 12:31:17.781+07
\.


--
-- Data for Name: Descriptors; Type: TABLE DATA; Schema: public; Owner: postgres
--

COPY public."Descriptors" (id, type, params, title, text, "docId", "holderId", "holderType", "createdBy", "modifiedBy", "createdAt", "updatedAt") FROM stdin;
4	0	{}	title test	text test	38	1	2	1	1	2018-04-06 04:12:21.127+07	2018-04-06 04:12:21.127+07
3	0	{}	title testeee	text test	38	1	2	1	1	2018-04-06 04:11:57.857+07	2018-08-31 03:55:35.525+07
6	1	{}	[BINGOBLITZ-55801] added force focus logging;	asdf	2	1	0	1	1	2018-08-31 03:57:42.877+07	2018-08-31 03:57:42.877+07
7	0	{}	[BINGOBLITZ-55801] added force focus logging;	asdf	2	1	0	1	1	2018-08-31 05:14:33.616+07	2018-08-31 05:14:33.616+07
8	0	{}	[BINGOBLITZ-55801] added force focus logging;	asdf	2	1	0	1	1	2018-08-31 05:14:58.075+07	2018-08-31 05:14:58.075+07
9	1	{}	21	123	123	12312	123	1	1	2018-08-31 05:16:49.341+07	2018-08-31 05:16:49.341+07
10	1	{}	21	123	123	12312	123	1	1	2018-08-31 05:17:02.984+07	2018-08-31 05:17:02.984+07
11	1	{}	21	123	123	12312	123	1	1	2018-08-31 05:17:22.101+07	2018-08-31 05:17:22.101+07
12	2	{}	asdf	sadf	2	3	3	1	1	2018-08-31 05:18:10.542+07	2018-08-31 05:18:10.542+07
13	2	{}	23	123	123	1	1	1	1	2018-08-31 05:19:01.73+07	2018-08-31 05:19:01.73+07
14	4	{}	333333	33	3	3	3	1	1	2018-08-31 05:19:30.596+07	2018-08-31 05:19:30.596+07
5	2	{"22":"23","24":24}	asdf	asdf	1	2	3	1	1	2018-04-12 02:27:44.002+07	2018-08-31 05:20:02.642+07
\.


--
-- Data for Name: DocumentVersions; Type: TABLE DATA; Schema: public; Owner: postgres
--

COPY public."DocumentVersions" (id, title, "documentId", "fileId", "createdAt", "updatedAt") FROM stdin;
1	Document version	\N	1082	2018-02-10 04:16:17.063+07	2018-02-10 04:16:17.063+07
2	Document version	\N	1083	2018-02-10 04:17:45.187+07	2018-02-10 04:17:45.187+07
3	Document version	0	1084	2018-02-10 04:19:43.49+07	2018-02-10 04:19:43.49+07
4	Document version	0	1085	2018-02-10 04:22:42.651+07	2018-02-10 04:22:42.651+07
5	Document version	0	1086	2018-02-10 04:24:06.276+07	2018-02-10 04:24:06.276+07
6	Document version	0	1087	2018-02-10 04:26:59.666+07	2018-02-10 04:26:59.666+07
7	Document version	0	1088	2018-02-10 04:35:35.563+07	2018-02-10 04:35:35.563+07
8	Document version	23	1089	2018-02-10 04:38:16.976+07	2018-02-10 04:38:16.976+07
9	Document version	23	1132	2018-02-21 03:16:53.733+07	2018-02-21 03:16:53.733+07
10	Document version	28	1147	2018-02-23 03:12:20.823+07	2018-02-23 03:12:20.823+07
11	Document version	29	1148	2018-02-24 18:24:53.492+07	2018-02-24 18:24:53.492+07
12	Document version	30	1148	2018-02-24 18:26:00.944+07	2018-02-24 18:26:00.944+07
13	Document version	31	1149	2018-02-24 18:26:27.335+07	2018-02-24 18:26:27.335+07
14	Document version	32	1150	2018-02-26 02:45:45.094+07	2018-02-26 02:45:45.094+07
15	Document version	33	1151	2018-02-26 02:46:32.752+07	2018-02-26 02:46:32.752+07
16	Document version	34	1152	2018-02-27 02:59:24.24+07	2018-02-27 02:59:24.24+07
17	Document version	35	1153	2018-02-27 03:16:30.582+07	2018-02-27 03:16:30.582+07
18	Document version	36	1153	2018-02-27 03:19:59.209+07	2018-02-27 03:19:59.209+07
19	Document version	37	1154	2018-02-27 03:43:27.475+07	2018-02-27 03:43:27.475+07
20	Document version	38	1154	2018-02-27 03:46:29.502+07	2018-02-27 03:46:29.502+07
21	Document version	38	1174	2018-03-26 00:17:47.383+07	2018-03-26 00:17:47.383+07
22	Document version	38	1200	2018-03-26 00:53:09.357+07	2018-03-26 00:53:09.357+07
23	Document version	38	1226	2018-03-26 01:01:05.779+07	2018-03-26 01:01:05.779+07
24	Document version	38	1267	2018-03-26 03:16:41.655+07	2018-03-26 03:16:41.655+07
25	Document version	39	1302	2018-04-06 04:13:20.452+07	2018-04-06 04:13:20.452+07
26	Document version	40	1302	2018-04-06 04:19:21.361+07	2018-04-06 04:19:21.361+07
27	Document version	41	1303	2018-04-12 02:26:25.022+07	2018-04-12 02:26:25.022+07
28	Document version	42	1304	2018-04-17 22:20:28.142+07	2018-04-17 22:20:28.142+07
29	Document version	45	1339	2018-04-19 04:35:02.458+07	2018-04-19 04:35:02.458+07
30	Document version	55	1344	2018-04-20 03:38:02.7+07	2018-04-20 03:38:02.7+07
31	Document version	58	1345	2018-04-20 03:38:55.241+07	2018-04-20 03:38:55.241+07
32	Document version	76	1346	2018-04-20 04:35:50.634+07	2018-04-20 04:35:50.634+07
33	Document version	79	1347	2018-04-20 04:36:13.455+07	2018-04-20 04:36:13.455+07
34	Document version	81	1348	2018-04-22 15:27:30.52+07	2018-04-22 15:27:30.52+07
35	Document version	82	\N	2018-05-30 05:21:28.838+07	2018-05-30 05:21:28.838+07
36	Document version	83	\N	2018-06-05 03:32:46.024+07	2018-06-05 03:32:46.024+07
37	Document version	82	0	2018-08-11 16:19:52.615+07	2018-08-11 16:19:52.615+07
38	Document version	84	1400	2018-09-26 07:39:15.654+07	2018-09-26 07:39:15.654+07
39	Document version	85	\N	2018-10-29 08:46:21.503+07	2018-10-29 08:46:21.503+07
40	Document version	86	\N	2018-10-29 08:46:29.457+07	2018-10-29 08:46:29.457+07
41	Document version	87	1414	2018-11-02 18:00:29.361+07	2018-11-02 18:00:29.361+07
42	Document version	88	1415	2018-11-02 18:03:54.291+07	2018-11-02 18:03:54.291+07
43	Document version	89	\N	2018-11-20 09:23:59.442+07	2018-11-20 09:23:59.442+07
44	Document version	90	\N	2018-11-20 09:24:04.686+07	2018-11-20 09:24:04.686+07
45	Document version	91	\N	2018-11-20 09:26:15.576+07	2018-11-20 09:26:15.576+07
46	Document version	92	\N	2018-11-20 09:26:21.792+07	2018-11-20 09:26:21.792+07
47	Document version	93	\N	2018-11-20 09:26:29.916+07	2018-11-20 09:26:29.916+07
48	Document version	94	\N	2018-11-20 09:27:17.851+07	2018-11-20 09:27:17.851+07
49	Document version	95	\N	2018-11-20 09:27:21.935+07	2018-11-20 09:27:21.935+07
50	Document version	96	\N	2018-11-20 09:27:29.606+07	2018-11-20 09:27:29.606+07
51	Document version	97	\N	2018-11-20 09:27:34.204+07	2018-11-20 09:27:34.204+07
52	Document version	98	\N	2018-11-20 09:28:31.59+07	2018-11-20 09:28:31.59+07
53	Document version	99	\N	2018-11-20 09:28:37.548+07	2018-11-20 09:28:37.548+07
54	Document version	100	\N	2018-11-20 09:28:58.61+07	2018-11-20 09:28:58.61+07
55	Document version	101	\N	2018-11-20 09:41:52.143+07	2018-11-20 09:41:52.143+07
56	Document version	102	\N	2019-02-12 15:34:57.27+07	2019-02-12 15:34:57.27+07
57	Document version	103	\N	2019-02-12 15:35:04.089+07	2019-02-12 15:35:04.089+07
58	Document version	104	\N	2019-02-12 16:25:50.759+07	2019-02-12 16:25:50.759+07
59	Document version	105	\N	2019-02-12 16:34:45.911+07	2019-02-12 16:34:45.911+07
60	Document version	106	\N	2019-02-25 10:38:15.259+07	2019-02-25 10:38:15.259+07
61	Document version	107	\N	2019-02-25 10:59:07.551+07	2019-02-25 10:59:07.551+07
62	Document version	108	\N	2019-02-25 10:59:39.413+07	2019-02-25 10:59:39.413+07
63	Document version	109	\N	2019-02-25 11:00:59.449+07	2019-02-25 11:00:59.449+07
64	Document version	110	\N	2019-02-25 11:03:29.283+07	2019-02-25 11:03:29.283+07
65	Document version	88	0	2019-02-25 11:08:22.979+07	2019-02-25 11:08:22.979+07
66	Document version	111	\N	2019-03-24 21:45:06.89+07	2019-03-24 21:45:06.89+07
67	Document version	112	\N	2019-03-24 21:45:12.541+07	2019-03-24 21:45:12.541+07
68	Document version	113	1428	2019-03-24 21:49:10.534+07	2019-03-24 21:49:10.534+07
69	\N	88	\N	2019-04-10 14:13:21.21+07	2019-04-10 14:13:21.21+07
70	\N	88	\N	2019-04-10 14:16:22.641+07	2019-04-10 14:16:22.641+07
71	\N	88	\N	2019-04-10 14:17:06.057+07	2019-04-10 14:17:06.057+07
72	\N	88	\N	2019-04-10 14:18:25.863+07	2019-04-10 14:18:25.863+07
73	\N	88	\N	2019-04-10 14:19:52.927+07	2019-04-10 14:19:52.927+07
74	\N	88	\N	2019-04-10 14:21:25.822+07	2019-04-10 14:21:25.822+07
\.


--
-- Data for Name: Documents; Type: TABLE DATA; Schema: public; Owner: postgres
--

COPY public."Documents" (id, title, "projectId", "parentId", level, "isFolder", "createdAt", "updatedAt", "isMultiPage", "shortTitle", "modifiedBy", "createdBy") FROM stdin;
3	123	2	\N	\N	t	2017-08-04 02:38:37.749+07	2017-08-09 02:16:28.465+07	\N	\N	\N	\N
5	123	2	3	\N	f	2017-08-09 02:18:21.162+07	2017-08-09 02:18:21.162+07	\N	\N	\N	\N
6	Document1	\N	\N	\N	f	2017-10-02 03:25:48.237+07	2017-10-02 03:25:48.237+07	\N	\N	\N	\N
7	wowo	\N	\N	\N	f	2017-10-02 04:03:54.594+07	2017-10-02 04:03:54.594+07	\N	\N	\N	\N
8	test	\N	\N	\N	f	2017-10-02 04:07:28.242+07	2017-10-02 04:07:28.242+07	\N	\N	\N	\N
9	test	\N	\N	\N	f	2017-10-02 04:14:09.644+07	2017-10-02 04:14:09.644+07	\N	\N	\N	\N
10	Test	\N	\N	\N	f	2017-10-02 04:16:00.636+07	2017-10-02 04:16:00.636+07	\N	\N	\N	\N
11	2	\N	\N	\N	f	2017-10-02 04:17:54.329+07	2017-10-02 04:17:54.329+07	\N	\N	\N	\N
13	test	3	\N	\N	t	2017-10-02 04:32:32.232+07	2017-10-02 04:32:32.232+07	\N	\N	\N	\N
4	kitten	2	3	\N	f	2017-08-09 02:16:45.85+07	2017-10-02 04:37:23.624+07	\N	\N	\N	\N
16	test	3	\N	\N	t	2017-10-02 05:12:10.639+07	2017-10-02 05:12:10.639+07	\N	\N	\N	\N
17	123	3	16	\N	f	2017-10-02 05:18:02.152+07	2017-10-02 05:18:02.152+07	\N	\N	\N	\N
18	test	3	16	\N	t	2017-10-02 05:18:07.979+07	2017-10-02 05:18:07.979+07	\N	\N	\N	\N
20	444	3	18	\N	f	2017-10-03 04:53:27.826+07	2017-10-03 04:53:27.826+07	\N	\N	\N	\N
19	test	3	16	\N	f	2017-10-02 05:18:16.106+07	2017-10-09 04:05:51.417+07	\N	\N	\N	\N
21	Folder1	9	\N	\N	t	2017-10-13 04:47:17.817+07	2017-10-13 04:47:17.817+07	\N	\N	\N	\N
22	Document 1	9	21	\N	f	2017-10-13 04:47:36.22+07	2017-10-13 04:54:10.426+07	\N	\N	\N	\N
31	test1	1	2	\N	f	2018-02-24 18:26:27.326+07	2018-02-24 18:26:27.326+07	\N	\N	\N	\N
32	asdf	1	2	\N	f	2018-02-26 02:45:45.089+07	2018-02-26 02:45:45.089+07	\N	\N	\N	\N
33	asdfsafd	1	2	\N	f	2018-02-26 02:46:32.741+07	2018-02-26 02:46:32.741+07	\N	\N	\N	\N
34	asdf	1	2	\N	f	2018-02-27 02:59:24.228+07	2018-02-27 02:59:24.228+07	\N	\N	\N	\N
35	sadf	1	2	\N	f	2018-02-27 03:16:30.573+07	2018-02-27 03:16:30.573+07	\N	\N	\N	\N
36	sadf	1	2	\N	f	2018-02-27 03:19:59.193+07	2018-02-27 03:19:59.193+07	\N	\N	\N	\N
37	we	1	2	\N	f	2018-02-27 03:43:27.459+07	2018-02-27 03:43:27.459+07	\N	\N	\N	\N
38	we	1	2	\N	f	2018-02-27 03:46:29.489+07	2018-02-27 03:46:29.489+07	\N	\N	\N	\N
39	1321231	1	2	\N	f	2018-04-06 04:13:20.44+07	2018-04-06 04:13:20.44+07	\N	\N	\N	\N
42	test	1	2	\N	f	2018-04-17 22:20:28.133+07	2018-04-17 22:20:28.133+07	\N	\N	\N	\N
43	test	\N	\N	\N	t	2018-04-19 04:23:05.217+07	2018-04-19 04:23:05.217+07	\N	\N	\N	\N
44	test	1	2	\N	t	2018-04-19 04:29:28.014+07	2018-04-19 04:29:28.014+07	\N	\N	\N	\N
45	test123	1	44	\N	f	2018-04-19 04:35:02.441+07	2018-04-19 04:35:02.441+07	\N	\N	\N	\N
46	test	1	1	\N	t	2018-04-19 04:41:40.786+07	2018-04-19 04:41:40.786+07	\N	\N	\N	\N
47	test	1	1	\N	t	2018-04-19 04:42:19.676+07	2018-04-19 04:42:19.676+07	\N	\N	\N	\N
48	test	1	44	\N	t	2018-04-19 04:55:09.871+07	2018-04-19 04:55:09.871+07	\N	\N	\N	\N
49	test	1	44	\N	t	2018-04-19 04:55:35.674+07	2018-04-19 04:55:35.674+07	\N	\N	\N	\N
50	test	1	44	\N	t	2018-04-19 04:55:36.951+07	2018-04-19 04:55:36.951+07	\N	\N	\N	\N
51	test1	1	1	\N	t	2018-04-19 04:56:42.778+07	2018-04-19 04:56:42.778+07	\N	\N	\N	\N
52	your doc	1	51	\N	f	2018-04-19 04:57:13.511+07	2018-04-19 04:57:13.511+07	\N	\N	\N	\N
81	test1	1	54	\N	f	2018-04-22 15:27:30.426+07	2018-04-22 15:27:30.426+07	\N	\N	\N	\N
98	asdf	1	\N	\N	t	2018-11-20 09:28:31.565+07	2018-11-20 09:28:31.565+07	\N	\N	\N	\N
99	sadf	1	\N	\N	t	2018-11-20 09:28:37.544+07	2018-11-20 09:28:37.544+07	\N	\N	\N	\N
100	asdf	1	98	\N	t	2018-11-20 09:28:58.604+07	2018-11-20 09:28:58.604+07	\N	\N	\N	\N
101	7	1	100	\N	t	2018-11-20 09:41:52.12+07	2018-11-20 09:41:52.12+07	\N	\N	\N	\N
84	01-18_Том 3_АР.Изм.1_1.pdf	1	\N	\N	f	2018-09-26 07:39:15.63+07	2018-09-26 07:39:15.63+07	\N	01-18_Том 3_АР.Изм.1_1.pdf	\N	\N
85	123	1	54	\N	t	2018-10-29 08:46:21.469+07	2018-10-29 08:46:21.469+07	\N	\N	\N	\N
86	123	1	54	\N	t	2018-10-29 08:46:29.445+07	2018-10-29 08:46:29.445+07	\N	\N	\N	\N
87	apples.jpeg	1	\N	\N	f	2018-11-02 18:00:29.349+07	2018-11-02 18:00:29.349+07	\N	apples.jpeg	\N	\N
88	apples.jpeg	1	\N	\N	f	2018-11-02 18:03:54.28+07	2018-11-02 18:03:54.28+07	\N	apples.jpeg	\N	\N
89	123	2	3	\N	t	2018-11-20 09:23:59.387+07	2018-11-20 09:23:59.387+07	\N	\N	\N	\N
90	123123	2	3	\N	t	2018-11-20 09:24:04.643+07	2018-11-20 09:24:04.643+07	\N	\N	\N	\N
91	qweqwe	1	54	\N	t	2018-11-20 09:26:15.572+07	2018-11-20 09:26:15.572+07	\N	\N	\N	\N
92	qweqwe	1	54	\N	t	2018-11-20 09:26:21.788+07	2018-11-20 09:26:21.788+07	\N	\N	\N	\N
93	qweqwe	1	86	\N	t	2018-11-20 09:26:29.91+07	2018-11-20 09:26:29.91+07	\N	\N	\N	\N
94	23423	1	\N	\N	t	2018-11-20 09:27:17.845+07	2018-11-20 09:27:17.845+07	\N	\N	\N	\N
95	234234	1	\N	\N	t	2018-11-20 09:27:21.93+07	2018-11-20 09:27:21.93+07	\N	\N	\N	\N
96	234234	1	\N	\N	t	2018-11-20 09:27:29.601+07	2018-11-20 09:27:29.601+07	\N	\N	\N	\N
97	234234	1	\N	\N	t	2018-11-20 09:27:34.2+07	2018-11-20 09:27:34.2+07	\N	\N	\N	\N
103	фыва	15	102	\N	t	2019-02-12 15:35:04.04+07	2019-02-12 15:35:04.04+07	\N	\N	\N	\N
105	еуые	15	103	\N	t	2019-02-12 16:34:45.87+07	2019-02-12 16:34:45.87+07	\N	\N	\N	\N
106	test	1	100	\N	t	2019-02-25 10:38:15.246+07	2019-02-25 10:38:15.246+07	\N	\N	\N	\N
107	1	1	100	\N	t	2019-02-25 10:59:07.543+07	2019-02-25 10:59:07.543+07	\N	\N	\N	\N
108	1	1	100	\N	t	2019-02-25 10:59:39.405+07	2019-02-25 10:59:39.405+07	\N	\N	\N	\N
109	1	1	94	\N	t	2019-02-25 11:00:59.44+07	2019-02-25 11:00:59.44+07	\N	\N	\N	\N
110	123	1	95	\N	t	2019-02-25 11:03:29.277+07	2019-02-25 11:03:29.277+07	\N	\N	\N	\N
112	test1	15	111	\N	t	2019-03-24 21:45:12.534+07	2019-03-24 21:45:12.534+07	\N	\N	\N	\N
\.


--
-- Data for Name: Events; Type: TABLE DATA; Schema: public; Owner: postgres
--

COPY public."Events" (id, type, title, "projectId", "targetId", "createdAt", "updatedAt", content) FROM stdin;
9	105	\N	1	4	2018-04-06 04:12:21.209+07	2018-04-06 04:12:21.209+07	undefined, Проект: Дом у моря
10	101	\N	1	40	2018-04-06 04:19:21.595+07	2018-04-06 04:19:21.595+07	undefined, Проект: Дом у моря
21	101	Документ добавлен	1	41	2018-04-12 02:26:25.079+07	2018-04-12 02:26:25.079+07	'TEST11' в проект 'Дом у моря'
22	105	Добавлена метка 2	1	5	2018-04-12 02:27:44.044+07	2018-04-12 02:27:44.044+07	asdf. asdf
23	101	Документ добавлен	1	42	2018-04-17 22:20:28.212+07	2018-04-17 22:20:28.212+07	'test' в проект 'Дом у моря'
26	101	Документ добавлен	1	45	2018-04-19 04:35:02.554+07	2018-04-19 04:35:02.554+07	'test123' в проект 'Дом у моря'
27	101	Документ добавлен	1	55	2018-04-20 03:38:02.82+07	2018-04-20 03:38:02.82+07	'test1' в проект 'Дом у моря'
28	101	Документ добавлен	1	58	2018-04-20 03:38:55.312+07	2018-04-20 03:38:55.312+07	'test1' в проект 'Дом у моря'
29	101	Документ добавлен	1	76	2018-04-20 04:35:50.758+07	2018-04-20 04:35:50.758+07	'asdfasf' в проект 'Дом у моря'
30	101	Документ добавлен	1	79	2018-04-20 04:36:13.533+07	2018-04-20 04:36:13.533+07	'asdf' в проект 'Дом у моря'
31	101	Документ добавлен	1	81	2018-04-22 15:27:30.662+07	2018-04-22 15:27:30.662+07	'test1' в проект 'Дом у моря'
32	101	Документ добавлен	1	83	2018-06-05 03:32:46.071+07	2018-06-05 03:32:46.071+07	'test1' в проект 'Дом у моря'
1	201	Сообщение от Николай Дионисов	\N	115	2018-04-03 05:05:25.007+07	2018-04-03 05:05:25.007+07	asdfasf
2	201	Сообщение от Гордон Фриман	\N	116	2018-04-03 05:17:31.841+07	2018-04-03 05:17:31.841+07	делай дело
3	201	Сообщение от Гордон Фриман	\N	117	2018-04-03 05:18:11.378+07	2018-04-03 05:18:11.378+07	нщг
4	201	Сообщение от Николай Дионисов	\N	118	2018-04-03 05:19:17.462+07	2018-04-03 05:19:17.462+07	asfd
5	201	Сообщение от Николай Дионисов	\N	119	2018-04-04 03:18:09.034+07	2018-04-04 03:18:09.034+07	sadf
6	201	\N	\N	120	2018-04-06 03:10:33.69+07	2018-04-06 03:10:33.69+07	\N
7	201	\N	\N	121	2018-04-06 03:10:39.037+07	2018-04-06 03:10:39.037+07	\N
8	201	\N	\N	122	2018-04-06 03:13:38.326+07	2018-04-06 03:13:38.326+07	\N
11	201	\N	\N	123	2018-04-09 02:01:05.833+07	2018-04-09 02:01:05.833+07	\N
12	201	\N	\N	124	2018-04-09 02:01:07.757+07	2018-04-09 02:01:07.757+07	\N
13	201	\N	\N	125	2018-04-09 02:03:39.991+07	2018-04-09 02:03:39.991+07	\N
14	201	\N	\N	\N	2018-04-09 02:17:34.401+07	2018-04-09 02:17:34.401+07	\N
15	201	\N	\N	\N	2018-04-09 02:19:55.172+07	2018-04-09 02:19:55.172+07	\N
16	201	\N	\N	\N	2018-04-09 02:33:06.973+07	2018-04-09 02:33:06.973+07	\N
17	201	\N	\N	129	2018-04-09 02:35:20.258+07	2018-04-09 02:35:20.258+07	\N
18	201	\N	\N	130	2018-04-09 02:35:30.269+07	2018-04-09 02:35:30.269+07	\N
19	201	\N	\N	131	2018-04-09 02:37:17.476+07	2018-04-09 02:37:17.476+07	\N
20	201	\N	\N	132	2018-04-09 02:37:24.101+07	2018-04-09 02:37:24.101+07	\N
24	201	Сообщение от Николай Дионисов	\N	133	2018-04-17 22:44:51.422+07	2018-04-17 22:44:51.422+07	test
25	201	Сообщение от Николай Дионисов	\N	134	2018-04-17 22:51:14.912+07	2018-04-17 22:51:14.912+07	ok
33	201	Сообщение от Николай Дионисов	\N	135	2018-08-16 12:07:56.809+07	2018-08-16 12:07:56.809+07	123
34	201	Сообщение от Николай Дионисов	\N	136	2018-08-16 12:08:10.446+07	2018-08-16 12:08:10.446+07	sdf
35	201	Сообщение от Николай Дионисов	\N	137	2018-08-16 12:08:39.838+07	2018-08-16 12:08:39.838+07	123
36	201	Сообщение от Николай Дионисов	\N	138	2018-08-16 12:14:08.173+07	2018-08-16 12:14:08.173+07	sdf
37	201	Сообщение от Николай Дионисов	\N	139	2018-08-16 12:14:49.043+07	2018-08-16 12:14:49.043+07	sdf
38	201	Сообщение от Николай Дионисов	\N	140	2018-08-17 12:53:35.71+07	2018-08-17 12:53:35.71+07	asdf
39	201	Сообщение от Николай Дионисов	\N	142	2018-08-19 18:50:35.759+07	2018-08-19 18:50:35.759+07	jgk
40	201	Сообщение от Николай Дионисов	\N	143	2018-08-19 18:51:13.466+07	2018-08-19 18:51:13.466+07	123
41	201	Сообщение от Николай Дионисов	\N	144	2018-08-19 18:51:17.691+07	2018-08-19 18:51:17.691+07	ssss
42	201	Сообщение от Николай Дионисов	\N	145	2018-08-19 18:56:37.523+07	2018-08-19 18:56:37.523+07	asdf
43	201	Сообщение от Николай Дионисов	\N	146	2018-08-19 18:56:52.268+07	2018-08-19 18:56:52.268+07	asdf
44	201	Сообщение от Николай Дионисов	\N	147	2018-08-19 18:56:54.032+07	2018-08-19 18:56:54.032+07	3424fds
45	201	Сообщение от Николай Дионисов	\N	148	2018-08-19 18:58:54.349+07	2018-08-19 18:58:54.349+07	sadf
46	201	Сообщение от Николай Дионисов	\N	149	2018-08-19 19:28:26.816+07	2018-08-19 19:28:26.816+07	kljjk
47	201	Сообщение от Николай Дионисов	\N	150	2018-08-19 19:41:36.909+07	2018-08-19 19:41:36.909+07	12313
48	201	Сообщение от Николай Дионисов	\N	151	2018-08-19 19:41:53.284+07	2018-08-19 19:41:53.284+07	sadf
49	201	Сообщение от Николай Дионисов	\N	152	2018-08-19 19:42:01.727+07	2018-08-19 19:42:01.727+07	sadf3445352
50	201	Сообщение от Николай Дионисов	\N	153	2018-08-19 19:54:42.143+07	2018-08-19 19:54:42.143+07	2fdsa
51	201	Сообщение от Николай Дионисов	\N	154	2018-08-19 19:54:45.601+07	2018-08-19 19:54:45.601+07	asdfasdf
52	201	Сообщение от Николай Дионисов	\N	155	2018-08-19 19:54:54.951+07	2018-08-19 19:54:54.951+07	h1
53	105	Добавлена метка 4	2	14	2018-08-31 05:19:30.649+07	2018-08-31 05:19:30.649+07	333333. 33
54	201	Сообщение от Николай Дионисов	\N	156	2018-09-04 13:08:35.836+07	2018-09-04 13:08:35.836+07	sadfa
55	201	Сообщение от Николай Дионисов	\N	157	2018-09-04 13:09:56.225+07	2018-09-04 13:09:56.225+07	sfa
56	201	Сообщение от Николай Дионисов	\N	158	2018-09-04 13:10:02.449+07	2018-09-04 13:10:02.449+07	sdafasdf
57	201	Сообщение от Николай Дионисов	\N	159	2018-09-04 13:10:09.394+07	2018-09-04 13:10:09.394+07	safdasdf
58	201	Сообщение от Николай Дионисов	\N	160	2018-09-04 13:10:13.018+07	2018-09-04 13:10:13.018+07	231231
59	201	Сообщение от Николай Дионисов	\N	161	2018-09-04 13:11:21.61+07	2018-09-04 13:11:21.61+07	asdfas
60	101	Документ добавлен	1	84	2018-09-26 07:39:15.718+07	2018-09-26 07:39:15.718+07	'01-18_Том 3_АР.Изм.1_1.pdf' в проект 'Дом у моря'
61	201	Сообщение от Николай Дионисов	\N	162	2018-10-22 15:37:55.422+07	2018-10-22 15:37:55.422+07	test
62	201	Сообщение от Николай Дионисов	\N	168	2019-02-05 17:32:07.456+07	2019-02-05 17:32:07.456+07	asdf
63	201	Сообщение от Николай Дионисов	\N	169	2019-02-05 17:37:15.736+07	2019-02-05 17:37:15.736+07	свежачок
64	101	Документ добавлен	15	102	2019-02-12 15:34:57.362+07	2019-02-12 15:34:57.362+07	'фыва' в проект 'tet'
65	101	Документ добавлен	15	103	2019-02-12 15:35:04.158+07	2019-02-12 15:35:04.158+07	'фыва' в проект 'tet'
66	101	Документ добавлен	15	104	2019-02-12 16:25:50.795+07	2019-02-12 16:25:50.795+07	'test' в проект 'tet'
67	101	Документ добавлен	15	105	2019-02-12 16:34:45.941+07	2019-02-12 16:34:45.941+07	'еуые' в проект 'tet'
68	101	Документ добавлен	1	106	2019-02-25 10:38:15.304+07	2019-02-25 10:38:15.304+07	'test' в проект 'Дом у моря'
69	101	Документ добавлен	1	107	2019-02-25 10:59:07.584+07	2019-02-25 10:59:07.584+07	'1' в проект 'Дом у моря'
70	101	Документ добавлен	1	108	2019-02-25 10:59:39.452+07	2019-02-25 10:59:39.452+07	'1' в проект 'Дом у моря'
71	101	Документ добавлен	1	109	2019-02-25 11:00:59.501+07	2019-02-25 11:00:59.501+07	'1' в проект 'Дом у моря'
72	101	Документ добавлен	1	110	2019-02-25 11:03:29.31+07	2019-02-25 11:03:29.31+07	'123' в проект 'Дом у моря'
73	101	Документ добавлен	15	111	2019-03-24 21:45:06.914+07	2019-03-24 21:45:06.914+07	'test' в проект 'tet'
74	101	Документ добавлен	15	112	2019-03-24 21:45:12.566+07	2019-03-24 21:45:12.566+07	'test1' в проект 'tet'
75	101	Документ добавлен	15	113	2019-03-24 21:49:10.586+07	2019-03-24 21:49:10.586+07	'test' в проект 'tet'
76	201	Сообщение от Николай Дионисов	\N	170	2019-04-01 12:15:14.993+07	2019-04-01 12:15:14.993+07	test
77	201	Сообщение от Николай Дионисов	\N	171	2019-04-01 12:16:40.547+07	2019-04-01 12:16:40.547+07	asfd
78	201	Сообщение от Николай Дионисов	\N	172	2019-04-01 12:18:27.701+07	2019-04-01 12:18:27.701+07	asdf
79	201	Сообщение от Николай Дионисов	\N	173	2019-04-01 14:33:25.57+07	2019-04-01 14:33:25.57+07	aasdf
80	201	Сообщение от Гордон Фриман	\N	174	2019-04-01 14:35:39.715+07	2019-04-01 14:35:39.715+07	test
81	201	Сообщение от Гордон Фриман	\N	175	2019-04-01 14:37:44.932+07	2019-04-01 14:37:44.932+07	test
82	201	Сообщение от Гордон Фриман	\N	176	2019-04-01 14:46:34.942+07	2019-04-01 14:46:34.942+07	123
83	201	Сообщение от Николай Дионисов	\N	177	2019-04-05 10:57:33.445+07	2019-04-05 10:57:33.445+07	test
84	201	Сообщение от Николай Дионисов	\N	178	2019-04-05 10:58:11.606+07	2019-04-05 10:58:11.606+07	test
85	201	Сообщение от Николай Дионисов	\N	179	2019-04-05 11:02:27.057+07	2019-04-05 11:02:27.057+07	tes
86	201	Сообщение от Николай Дионисов	\N	180	2019-05-23 11:29:32.955+07	2019-05-23 11:29:32.955+07	test
87	201	Сообщение от Николай Дионисов	\N	181	2019-05-24 23:51:16.993+07	2019-05-24 23:51:16.993+07	еуые
88	201	Сообщение от Николай Дионисов	\N	182	2019-05-24 23:52:36.234+07	2019-05-24 23:52:36.234+07	ntcn
89	201	Сообщение от Николай Дионисов	\N	183	2019-05-25 00:02:09.715+07	2019-05-25 00:02:09.715+07	test
90	201	Сообщение от Николай Дионисов	\N	184	2019-05-25 00:11:01.28+07	2019-05-25 00:11:01.28+07	test
91	201	Сообщение от Николай Дионисов	\N	185	2019-05-28 18:13:22.71+07	2019-05-28 18:13:22.71+07	supertest
92	107	Добавление в проект	1	\N	2019-06-03 15:44:08.097+07	2019-06-03 15:44:08.097+07	Вы были добавлены в проект 'undefined'
93	107	Добавление в проект	1	\N	2019-06-03 15:44:08.097+07	2019-06-03 15:44:08.097+07	Вы были добавлены в проект 'undefined'
94	107	Добавление в проект	1	\N	2019-06-03 15:44:08.097+07	2019-06-03 15:44:08.097+07	Вы были добавлены в проект 'undefined'
95	109	Удаление из проекта	1	\N	2019-06-03 15:44:08.098+07	2019-06-03 15:44:08.098+07	Вы были удалены из проекта 'undefined'
96	107	Добавление в проект	1	\N	2019-06-03 15:59:24.389+07	2019-06-03 15:59:24.389+07	Вы были добавлены в проект 'Дом у моря'
97	107	Добавление в проект	1	\N	2019-06-03 15:59:24.449+07	2019-06-03 15:59:24.449+07	Вы были добавлены в проект 'Дом у моря'
98	109	Удаление из проекта	1	\N	2019-06-03 15:59:24.459+07	2019-06-03 15:59:24.459+07	Вы были удалены из проекта 'Дом у моря'
99	107	Добавление в проект	1	\N	2019-06-03 15:59:24.458+07	2019-06-03 15:59:24.458+07	Вы были добавлены в проект 'Дом у моря'
100	107	Добавление в проект	1	\N	2019-06-03 15:59:24.459+07	2019-06-03 15:59:24.459+07	Вы были добавлены в проект 'Дом у моря'
101	107	Добавление в проект	1	\N	2019-06-03 16:03:37.449+07	2019-06-03 16:03:37.449+07	Вы были добавлены в проект 'Дом у моря'
102	107	Добавление в проект	1	\N	2019-06-03 16:03:37.466+07	2019-06-03 16:03:37.466+07	Вы были добавлены в проект 'Дом у моря'
103	107	Добавление в проект	1	\N	2019-06-03 16:03:37.475+07	2019-06-03 16:03:37.475+07	Вы были добавлены в проект 'Дом у моря'
104	109	Удаление из проекта	1	\N	2019-06-03 16:03:37.481+07	2019-06-03 16:03:37.481+07	Вы были удалены из проекта 'Дом у моря'
105	107	Добавление в проект	1	\N	2019-06-03 16:04:16.661+07	2019-06-03 16:04:16.661+07	Вы были добавлены в проект 'Дом у моря'
106	107	Добавление в проект	1	\N	2019-06-03 16:04:16.68+07	2019-06-03 16:04:16.68+07	Вы были добавлены в проект 'Дом у моря'
107	107	Добавление в проект	1	\N	2019-06-03 16:04:16.693+07	2019-06-03 16:04:16.693+07	Вы были добавлены в проект 'Дом у моря'
108	107	Добавление в проект	1	\N	2019-06-03 16:04:16.701+07	2019-06-03 16:04:16.701+07	Вы были добавлены в проект 'Дом у моря'
109	109	Удаление из проекта	1	\N	2019-06-03 16:04:16.708+07	2019-06-03 16:04:16.708+07	Вы были удалены из проекта 'Дом у моря'
110	107	Добавление в проект	1	\N	2019-06-03 16:05:47.782+07	2019-06-03 16:05:47.782+07	Вы были добавлены в проект 'Дом у моря'
111	107	Добавление в проект	1	\N	2019-06-03 16:05:47.793+07	2019-06-03 16:05:47.793+07	Вы были добавлены в проект 'Дом у моря'
112	107	Добавление в проект	1	\N	2019-06-03 16:05:47.8+07	2019-06-03 16:05:47.8+07	Вы были добавлены в проект 'Дом у моря'
113	109	Удаление из проекта	1	\N	2019-06-03 16:05:47.812+07	2019-06-03 16:05:47.812+07	Вы были удалены из проекта 'Дом у моря'
114	107	Добавление в проект	1	\N	2019-06-03 16:09:05.598+07	2019-06-03 16:09:05.598+07	Вы были добавлены в проект 'Дом у моря'
115	107	Добавление в проект	1	\N	2019-06-03 16:09:05.62+07	2019-06-03 16:09:05.62+07	Вы были добавлены в проект 'Дом у моря'
116	107	Добавление в проект	1	\N	2019-06-03 16:09:05.632+07	2019-06-03 16:09:05.632+07	Вы были добавлены в проект 'Дом у моря'
117	107	Добавление в проект	1	\N	2019-06-03 16:09:05.639+07	2019-06-03 16:09:05.639+07	Вы были добавлены в проект 'Дом у моря'
118	109	Удаление из проекта	1	\N	2019-06-03 16:09:05.65+07	2019-06-03 16:09:05.65+07	Вы были удалены из проекта 'Дом у моря'
119	107	Добавление в проект	1	\N	2019-06-03 16:34:17.997+07	2019-06-03 16:34:17.997+07	Вы были добавлены в проект 'Дом у моря'
120	107	Добавление в проект	1	\N	2019-06-03 16:34:18.012+07	2019-06-03 16:34:18.012+07	Вы были добавлены в проект 'Дом у моря'
121	107	Добавление в проект	1	\N	2019-06-03 16:34:18.02+07	2019-06-03 16:34:18.02+07	Вы были добавлены в проект 'Дом у моря'
122	107	Добавление в проект	1	\N	2019-06-03 16:38:17.914+07	2019-06-03 16:38:17.914+07	Вы были добавлены в проект 'Дом у моря'
123	107	Добавление в проект	1	\N	2019-06-03 16:38:17.941+07	2019-06-03 16:38:17.941+07	Вы были добавлены в проект 'Дом у моря'
124	107	Добавление в проект	1	\N	2019-06-03 16:38:17.953+07	2019-06-03 16:38:17.953+07	Вы были добавлены в проект 'Дом у моря'
125	107	Добавление в проект	1	\N	2019-06-03 16:38:17.953+07	2019-06-03 16:38:17.953+07	Вы были добавлены в проект 'Дом у моря'
126	107	Добавление в проект	1	\N	2019-06-03 16:40:02.81+07	2019-06-03 16:40:02.81+07	Вы были добавлены в проект 'Дом у моря'
127	107	Добавление в проект	1	\N	2019-06-03 16:40:02.819+07	2019-06-03 16:40:02.819+07	Вы были добавлены в проект 'Дом у моря'
128	107	Добавление в проект	1	\N	2019-06-03 16:40:02.83+07	2019-06-03 16:40:02.83+07	Вы были добавлены в проект 'Дом у моря'
129	107	Добавление в проект	1	\N	2019-06-03 16:42:11.818+07	2019-06-03 16:42:11.818+07	Вы были добавлены в проект 'Дом у моря'
130	109	Удаление из проекта	1	\N	2019-06-03 16:43:18.834+07	2019-06-03 16:43:18.834+07	Вы были удалены из проекта 'Дом у моря'
131	107	Добавление в проект	1	\N	2019-06-03 16:46:39.848+07	2019-06-03 16:46:39.848+07	Вы были добавлены в проект 'Дом у моря' c правами 'Чтение и запись'
132	108	Изменение прав в проекте	1	\N	2019-06-03 16:48:35.545+07	2019-06-03 16:48:35.545+07	Ваши права в проекте 'Дом у моря' изменились на 'Управление'
133	108	Изменение прав в проекте	1	\N	2019-06-03 16:49:02.787+07	2019-06-03 16:49:02.787+07	Ваши права в проекте 'Дом у моря' изменились на 'Чтение и запись'
\.


--
-- Data for Name: Files; Type: TABLE DATA; Schema: public; Owner: postgres
--

COPY public."Files" (id, type, fid, original, mimetype, "createdAt", "updatedAt", "pageNumber", "docId", "createdBy", "modifiedBy", "docVersionId", actual) FROM stdin;
52	0	6397d252-9b55-47dd-9642-214d0084c959	k.jpg	image/jpeg	2017-10-13 04:47:01.446+07	2017-10-13 04:47:01.446+07	0	0	1	1	\N	\N
53	0	8b940233-8459-4ca2-81c1-bc357d44decc	m.jpg	image/jpeg	2017-10-13 04:47:34.459+07	2017-10-13 04:47:34.459+07	0	0	1	1	\N	\N
58	0	fdbf94ca-a53d-4f45-b4e1-0a9e69614358	Professional_JavaScript_for_Web_Developers_Nicholas_C_Zakas(www.ebook-dl.com).pdf	application/pdf	2017-10-13 04:54:05.673+07	2017-10-13 04:54:05.673+07	0	0	1	1	\N	\N
59	0	2d5fde3b-af92-4f81-a3fc-692433ab05fc	orange.jpeg	image/jpeg	2017-10-16 02:42:49.589+07	2017-10-16 02:42:49.589+07	0	0	1	1	\N	\N
60	0	61ea1dbd-2040-4bc1-b5bd-f849c509b500	orange.jpeg	image/jpeg	2017-10-16 02:43:06.006+07	2017-10-16 02:43:06.006+07	0	0	1	1	\N	\N
61	0	e306a341-e23a-4f4b-a598-3489657c40a7	apples.jpeg	image/jpeg	2017-10-16 02:43:27.243+07	2017-10-16 02:43:27.243+07	0	0	1	1	\N	\N
102	0	ec83dd5f-9663-4c2a-a508-a43c77f19660	page-0.png	\N	2017-11-13 01:03:16.684+07	2017-11-13 01:03:16.684+07	0	22	1	1	\N	\N
103	0	f1bb8a71-2161-47ab-ba32-e86823f41f1e	page-1.png	\N	2017-11-13 01:03:19.428+07	2017-11-13 01:03:19.428+07	1	22	1	1	\N	\N
104	0	1aee8563-bb50-40a5-80af-53e634bc7eff	page-2.png	\N	2017-11-13 01:03:22.145+07	2017-11-13 01:03:22.145+07	2	22	1	1	\N	\N
105	0	b1986e1c-68c0-4470-bcd0-b8301988651b	page-3.png	\N	2017-11-13 01:03:24.898+07	2017-11-13 01:03:24.898+07	3	22	1	1	\N	\N
106	0	4323ce9f-1e6f-4264-9594-676ff85735b9	page-4.png	\N	2017-11-13 01:03:27.588+07	2017-11-13 01:03:27.588+07	4	22	1	1	\N	\N
107	0	37dbdef5-b7f2-4751-ba34-0094228e9643	page-5.png	\N	2017-11-13 01:03:30.236+07	2017-11-13 01:03:30.236+07	5	22	1	1	\N	\N
108	0	67f07df8-3610-4308-9e46-65bd5df94911	page-6.png	\N	2017-11-13 01:03:32.969+07	2017-11-13 01:03:32.969+07	6	22	1	1	\N	\N
109	0	f608c28c-5911-4ce4-9fbc-7aa19de28f67	page-7.png	\N	2017-11-13 01:03:35.739+07	2017-11-13 01:03:35.739+07	7	22	1	1	\N	\N
110	0	4142e667-bdf6-4686-9538-28f8aae7e5e0	page-8.png	\N	2017-11-13 01:03:38.518+07	2017-11-13 01:03:38.518+07	8	22	1	1	\N	\N
111	0	b86bf651-173e-43c4-a965-c9afd9549449	page-9.png	\N	2017-11-13 01:03:41.183+07	2017-11-13 01:03:41.183+07	9	22	1	1	\N	\N
112	0	9c0476fb-ba01-40b4-b77c-ac86831ab053	page-10.png	\N	2017-11-13 01:03:43.891+07	2017-11-13 01:03:43.891+07	10	22	1	1	\N	\N
113	0	7dc617da-1a76-4ffd-bd90-f1b0aba13c10	page-11.png	\N	2017-11-13 01:03:46.516+07	2017-11-13 01:03:46.516+07	11	22	1	1	\N	\N
114	0	a894c93b-a973-4767-bdf9-c6249e36da88	page-12.png	\N	2017-11-13 01:03:49.158+07	2017-11-13 01:03:49.158+07	12	22	1	1	\N	\N
115	0	2929666f-55d2-4c14-8482-552df348f661	page-13.png	\N	2017-11-13 01:03:51.74+07	2017-11-13 01:03:51.74+07	13	22	1	1	\N	\N
116	0	6db4849c-5fbc-4a60-9b0b-88ce037a86fd	page-14.png	\N	2017-11-13 01:03:54.397+07	2017-11-13 01:03:54.397+07	14	22	1	1	\N	\N
117	0	d90147d1-af9e-427c-a721-df4653fff04d	page-15.png	\N	2017-11-13 01:03:57.005+07	2017-11-13 01:03:57.005+07	15	22	1	1	\N	\N
118	0	15ba57d1-b838-47a4-9ebd-d0c2cd61443c	page-16.png	\N	2017-11-13 01:03:59.697+07	2017-11-13 01:03:59.697+07	16	22	1	1	\N	\N
119	0	2e7139cf-359a-4317-9475-d2809484941e	page-17.png	\N	2017-11-13 01:04:02.407+07	2017-11-13 01:04:02.407+07	17	22	1	1	\N	\N
120	0	71367030-ea7f-46fa-ad59-9c6592b814ab	page-18.png	\N	2017-11-13 01:04:05.087+07	2017-11-13 01:04:05.087+07	18	22	1	1	\N	\N
121	0	c156f564-1699-4d0e-baa4-3d6c41215d7d	page-19.png	\N	2017-11-13 01:04:07.766+07	2017-11-13 01:04:07.766+07	19	22	1	1	\N	\N
122	0	33f3e37e-4863-4fd9-a9cc-3450873d69c9	page-20.png	\N	2017-11-13 01:04:10.434+07	2017-11-13 01:04:10.434+07	20	22	1	1	\N	\N
123	0	6c13e909-2b92-4bd8-82f2-f9417ede7241	page-21.png	\N	2017-11-13 01:04:13.1+07	2017-11-13 01:04:13.1+07	21	22	1	1	\N	\N
124	0	d31c2dba-1218-46ba-aecb-c5b565d6bcb0	page-22.png	\N	2017-11-13 01:04:15.738+07	2017-11-13 01:04:15.738+07	22	22	1	1	\N	\N
125	0	24ab8d11-83c0-499d-8342-7b6867b8fd5f	page-23.png	\N	2017-11-13 01:04:18.438+07	2017-11-13 01:04:18.438+07	23	22	1	1	\N	\N
126	0	0cf268da-ddd6-4944-8584-876694463ac0	page-24.png	\N	2017-11-13 01:04:21.127+07	2017-11-13 01:04:21.127+07	24	22	1	1	\N	\N
127	0	54553ea8-e17e-4d18-b2dd-7245ac4d5cf0	page-25.png	\N	2017-11-13 01:04:23.786+07	2017-11-13 01:04:23.786+07	25	22	1	1	\N	\N
128	0	a43efc71-9317-485a-b9f0-f903d93e621a	page-26.png	\N	2017-11-13 01:04:26.494+07	2017-11-13 01:04:26.494+07	26	22	1	1	\N	\N
129	0	07a5f537-d6aa-4874-af31-6e058942013a	page-27.png	\N	2017-11-13 01:04:29.18+07	2017-11-13 01:04:29.18+07	27	22	1	1	\N	\N
130	0	e510f9a3-f9f1-4500-816d-ed6b702cbf6a	page-28.png	\N	2017-11-13 01:04:31.912+07	2017-11-13 01:04:31.912+07	28	22	1	1	\N	\N
131	0	b27199e1-a61b-4950-b7a7-4148a61eb41a	page-29.png	\N	2017-11-13 01:04:34.615+07	2017-11-13 01:04:34.615+07	29	22	1	1	\N	\N
132	0	7281a7d3-1528-4256-87c7-c979cb70bfc7	page-30.png	\N	2017-11-13 01:04:37.275+07	2017-11-13 01:04:37.275+07	30	22	1	1	\N	\N
133	0	c48dc7df-af9b-45df-b14e-804b138be681	page-31.png	\N	2017-11-13 01:04:40.006+07	2017-11-13 01:04:40.006+07	31	22	1	1	\N	\N
134	0	917be077-85b3-4f64-a644-91f52d4601a7	page-32.png	\N	2017-11-13 01:04:43.734+07	2017-11-13 01:04:43.734+07	32	22	1	1	\N	\N
135	0	cd8adc74-8fb4-4668-948e-8a746c42bfc5	page-33.png	\N	2017-11-13 01:04:46.71+07	2017-11-13 01:04:46.71+07	33	22	1	1	\N	\N
136	0	dc7a8d32-510b-41df-b6ba-8f73e5dfdc56	page-34.png	\N	2017-11-13 01:04:49.643+07	2017-11-13 01:04:49.643+07	34	22	1	1	\N	\N
137	0	ee88aa47-e8f0-4aaf-8e87-5196464db14d	page-35.png	\N	2017-11-13 01:04:53.762+07	2017-11-13 01:04:53.762+07	35	22	1	1	\N	\N
138	0	926508a1-1bc5-42c4-ac2a-a3c4ff766ce8	page-36.png	\N	2017-11-13 01:04:56.647+07	2017-11-13 01:04:56.647+07	36	22	1	1	\N	\N
139	0	3e8ef6e7-3ce9-41f6-a8df-943543c52ccc	page-37.png	\N	2017-11-13 01:04:59.723+07	2017-11-13 01:04:59.723+07	37	22	1	1	\N	\N
140	0	eda22592-e65f-44a5-85dd-44a73de94118	page-38.png	\N	2017-11-13 01:05:02.899+07	2017-11-13 01:05:02.899+07	38	22	1	1	\N	\N
141	0	cb86284c-b070-420d-bbb5-e02123dd21b1	page-39.png	\N	2017-11-13 01:05:06.116+07	2017-11-13 01:05:06.116+07	39	22	1	1	\N	\N
142	0	5f7defa1-59b7-4de8-b300-5c344b737c4c	page-40.png	\N	2017-11-13 01:05:08.963+07	2017-11-13 01:05:08.963+07	40	22	1	1	\N	\N
143	0	42f39d10-4f81-4d2f-b3b5-870b67f63803	page-41.png	\N	2017-11-13 01:05:11.562+07	2017-11-13 01:05:11.562+07	41	22	1	1	\N	\N
144	0	a6ec3c88-7b39-4a78-8b92-dca054188609	page-42.png	\N	2017-11-13 01:05:14.305+07	2017-11-13 01:05:14.305+07	42	22	1	1	\N	\N
145	0	f898e213-5556-4327-84f6-774d05e162a4	page-43.png	\N	2017-11-13 01:05:17.086+07	2017-11-13 01:05:17.086+07	43	22	1	1	\N	\N
146	0	ffc94d3a-8a92-492c-b907-d3e786049c5b	page-44.png	\N	2017-11-13 01:05:19.822+07	2017-11-13 01:05:19.822+07	44	22	1	1	\N	\N
147	0	b060eafc-999e-45a2-b14e-018557a44606	page-45.png	\N	2017-11-13 01:05:22.581+07	2017-11-13 01:05:22.581+07	45	22	1	1	\N	\N
148	0	13243f5e-260e-477d-9718-2843daca5e97	page-46.png	\N	2017-11-13 01:05:25.358+07	2017-11-13 01:05:25.358+07	46	22	1	1	\N	\N
149	0	aca04a32-f142-4812-82ac-2ad9ae4f7e80	page-47.png	\N	2017-11-13 01:05:28.047+07	2017-11-13 01:05:28.047+07	47	22	1	1	\N	\N
150	0	328e0140-40e2-4173-ae02-97cabf46ab29	page-48.png	\N	2017-11-13 01:05:30.883+07	2017-11-13 01:05:30.883+07	48	22	1	1	\N	\N
151	0	626354d3-d6fe-4b71-9846-dc2121281abe	page-49.png	\N	2017-11-13 01:05:33.755+07	2017-11-13 01:05:33.755+07	49	22	1	1	\N	\N
152	0	3a55a920-6917-4111-9bd8-e533ab3675cf	page-50.png	\N	2017-11-13 01:05:36.488+07	2017-11-13 01:05:36.488+07	50	22	1	1	\N	\N
153	0	b11e34bd-d205-4979-834f-3a5c2cbd1aaf	page-51.png	\N	2017-11-13 01:05:39.191+07	2017-11-13 01:05:39.191+07	51	22	1	1	\N	\N
154	0	1be63ee5-2b4d-4fd6-ade5-f10fc8c7a1fb	page-52.png	\N	2017-11-13 01:05:42.015+07	2017-11-13 01:05:42.015+07	52	22	1	1	\N	\N
155	0	977ce033-e3d5-458e-84f1-375d99058c7b	page-53.png	\N	2017-11-13 01:05:44.593+07	2017-11-13 01:05:44.593+07	53	22	1	1	\N	\N
156	0	cc4276dc-eb31-4049-a097-646f82fc5cd8	page-54.png	\N	2017-11-13 01:05:47.353+07	2017-11-13 01:05:47.353+07	54	22	1	1	\N	\N
157	0	6dcffe89-6156-423a-b623-e9a3c3f55da0	page-55.png	\N	2017-11-13 01:05:50.061+07	2017-11-13 01:05:50.061+07	55	22	1	1	\N	\N
158	0	437956b8-e537-4c25-ba65-550d7cb951cb	page-56.png	\N	2017-11-13 01:05:52.931+07	2017-11-13 01:05:52.931+07	56	22	1	1	\N	\N
159	0	1f7efc50-b7f1-42a9-82f2-885851255775	page-57.png	\N	2017-11-13 01:05:55.622+07	2017-11-13 01:05:55.622+07	57	22	1	1	\N	\N
160	0	266e3782-daa6-4b1f-ab19-65bfdffa5439	page-58.png	\N	2017-11-13 01:05:58.473+07	2017-11-13 01:05:58.473+07	58	22	1	1	\N	\N
161	0	d440b1fe-52a4-401f-b1b5-9da670fff8b1	page-59.png	\N	2017-11-13 01:06:01.293+07	2017-11-13 01:06:01.293+07	59	22	1	1	\N	\N
162	0	c93521ed-7a20-47c4-9d52-8460b8643e64	page-60.png	\N	2017-11-13 01:06:03.967+07	2017-11-13 01:06:03.967+07	60	22	1	1	\N	\N
163	0	68291b5c-89c6-4b02-8321-e05e9f060dd5	page-61.png	\N	2017-11-13 01:06:06.776+07	2017-11-13 01:06:06.776+07	61	22	1	1	\N	\N
164	0	e6962059-de6c-4dc1-abff-38a1fd3f35bf	page-62.png	\N	2017-11-13 01:06:09.453+07	2017-11-13 01:06:09.453+07	62	22	1	1	\N	\N
165	0	f53ef973-c10b-4150-ab67-b6cb81893a87	page-63.png	\N	2017-11-13 01:06:12.193+07	2017-11-13 01:06:12.193+07	63	22	1	1	\N	\N
166	0	b9fff011-07fe-48bb-b7c3-fc57ade34d2a	page-64.png	\N	2017-11-13 01:06:14.878+07	2017-11-13 01:06:14.878+07	64	22	1	1	\N	\N
167	0	ffaf681c-0969-4488-95eb-7fbb11ab03e9	page-65.png	\N	2017-11-13 01:06:17.466+07	2017-11-13 01:06:17.466+07	65	22	1	1	\N	\N
168	0	5c72653d-b88c-4db3-b83a-cc77fd306a2e	page-66.png	\N	2017-11-13 01:06:20.193+07	2017-11-13 01:06:20.193+07	66	22	1	1	\N	\N
169	0	7be939d0-273d-4464-a242-af0f2f513bbf	page-67.png	\N	2017-11-13 01:06:23.154+07	2017-11-13 01:06:23.154+07	67	22	1	1	\N	\N
170	0	e9a88d36-3806-4d19-9374-a3496c22a25e	page-68.png	\N	2017-11-13 01:06:25.831+07	2017-11-13 01:06:25.831+07	68	22	1	1	\N	\N
171	0	bae4488a-d243-4b56-9873-19db8a0b0ba6	page-69.png	\N	2017-11-13 01:06:28.563+07	2017-11-13 01:06:28.563+07	69	22	1	1	\N	\N
172	0	40997963-3886-4562-9bb3-712c9889b432	page-70.png	\N	2017-11-13 01:06:31.253+07	2017-11-13 01:06:31.253+07	70	22	1	1	\N	\N
173	0	64e58f5f-00cf-4286-af0b-ef31c44ef5e7	page-71.png	\N	2017-11-13 01:06:34.109+07	2017-11-13 01:06:34.109+07	71	22	1	1	\N	\N
174	0	40d71960-4789-4cfd-bf25-5f3497d31566	page-72.png	\N	2017-11-13 01:06:36.993+07	2017-11-13 01:06:36.993+07	72	22	1	1	\N	\N
175	0	63b7c8a5-706a-40ff-85c1-1ed371c36d59	page-73.png	\N	2017-11-13 01:06:39.843+07	2017-11-13 01:06:39.843+07	73	22	1	1	\N	\N
176	0	603a6e4d-9de9-4779-89b6-44a3d0f5d8d5	page-74.png	\N	2017-11-13 01:06:42.67+07	2017-11-13 01:06:42.67+07	74	22	1	1	\N	\N
177	0	2b42e2e8-ebbe-4e2a-9d01-42148f149a7d	page-75.png	\N	2017-11-13 01:06:45.367+07	2017-11-13 01:06:45.367+07	75	22	1	1	\N	\N
178	0	75699773-86d1-4b3a-95b9-bbe0bfb15cc9	page-76.png	\N	2017-11-13 01:06:48.085+07	2017-11-13 01:06:48.085+07	76	22	1	1	\N	\N
179	0	4603cc46-516c-4bc5-af38-d78b72595f16	page-77.png	\N	2017-11-13 01:06:50.926+07	2017-11-13 01:06:50.926+07	77	22	1	1	\N	\N
180	0	77d65315-bbd6-4690-9ff0-a268712e42ed	page-78.png	\N	2017-11-13 01:06:53.962+07	2017-11-13 01:06:53.962+07	78	22	1	1	\N	\N
181	0	981d1cf9-e60c-4094-b188-dc27b9cf9b70	page-79.png	\N	2017-11-13 01:06:56.874+07	2017-11-13 01:06:56.874+07	79	22	1	1	\N	\N
182	0	dadb8c6e-7d56-4302-b532-dd09737e9740	page-80.png	\N	2017-11-13 01:06:59.752+07	2017-11-13 01:06:59.752+07	80	22	1	1	\N	\N
183	0	3559c3f3-45f9-4598-858f-575e36d43802	page-81.png	\N	2017-11-13 01:07:02.507+07	2017-11-13 01:07:02.507+07	81	22	1	1	\N	\N
184	0	592983cd-37e0-4ff1-a4f2-89ae651e9093	page-82.png	\N	2017-11-13 01:07:05.331+07	2017-11-13 01:07:05.331+07	82	22	1	1	\N	\N
185	0	fe15eb05-0819-42f5-a182-ca5f2232b6f6	page-83.png	\N	2017-11-13 01:07:08.044+07	2017-11-13 01:07:08.044+07	83	22	1	1	\N	\N
186	0	7f0bb053-699c-4487-bc27-fdcd0bf5f616	page-84.png	\N	2017-11-13 01:07:10.779+07	2017-11-13 01:07:10.779+07	84	22	1	1	\N	\N
187	0	59ae2f14-1b65-4904-89ac-b965807c3502	page-85.png	\N	2017-11-13 01:07:13.612+07	2017-11-13 01:07:13.612+07	85	22	1	1	\N	\N
188	0	a8bdec83-ab2a-47d4-be8a-808f90745960	page-86.png	\N	2017-11-13 01:07:16.462+07	2017-11-13 01:07:16.462+07	86	22	1	1	\N	\N
189	0	df004965-ed53-4e84-b7f5-a1f7f707eeaf	page-87.png	\N	2017-11-13 01:07:19.274+07	2017-11-13 01:07:19.274+07	87	22	1	1	\N	\N
190	0	3f7cb22f-b758-43da-a125-0c8d21bd5a32	page-88.png	\N	2017-11-13 01:07:22.021+07	2017-11-13 01:07:22.021+07	88	22	1	1	\N	\N
191	0	a5e77a0c-f9c8-4403-97bb-80ddfdbb09ed	page-89.png	\N	2017-11-13 01:07:24.751+07	2017-11-13 01:07:24.751+07	89	22	1	1	\N	\N
192	0	9c7fa1c6-93dd-4f27-b130-17703d3925ba	page-90.png	\N	2017-11-13 01:07:27.459+07	2017-11-13 01:07:27.459+07	90	22	1	1	\N	\N
193	0	6b2943ff-48ce-44f6-a857-79d57ef86d7d	page-91.png	\N	2017-11-13 01:07:30.151+07	2017-11-13 01:07:30.151+07	91	22	1	1	\N	\N
194	0	d2ce57aa-8332-4ee5-9710-a6378e4842b8	page-92.png	\N	2017-11-13 01:07:33.02+07	2017-11-13 01:07:33.02+07	92	22	1	1	\N	\N
195	0	80c97256-33fd-467d-b42c-851a107a03be	page-93.png	\N	2017-11-13 01:07:35.649+07	2017-11-13 01:07:35.649+07	93	22	1	1	\N	\N
196	0	a99b9d01-f9ec-43c0-9937-f571b473be77	page-94.png	\N	2017-11-13 01:07:38.321+07	2017-11-13 01:07:38.321+07	94	22	1	1	\N	\N
197	0	286b0f5c-39ce-4859-be3a-c423987407a5	page-95.png	\N	2017-11-13 01:07:41.081+07	2017-11-13 01:07:41.081+07	95	22	1	1	\N	\N
198	0	9b620e11-1f0f-42b5-a9a5-c82cb2f59774	page-96.png	\N	2017-11-13 01:07:43.89+07	2017-11-13 01:07:43.89+07	96	22	1	1	\N	\N
199	0	ab5d175a-0d5c-480a-8388-98233cfd4241	page-97.png	\N	2017-11-13 01:07:46.619+07	2017-11-13 01:07:46.619+07	97	22	1	1	\N	\N
200	0	e64b16df-0b80-47d1-a46d-4925a2affc1d	page-98.png	\N	2017-11-13 01:07:49.273+07	2017-11-13 01:07:49.273+07	98	22	1	1	\N	\N
201	0	94a4b636-b202-4020-92bf-b5df4352aaf4	page-99.png	\N	2017-11-13 01:07:51.942+07	2017-11-13 01:07:51.942+07	99	22	1	1	\N	\N
202	0	51a13809-f626-4085-b70e-0a49e946da42	page-100.png	\N	2017-11-13 01:07:54.719+07	2017-11-13 01:07:54.719+07	100	22	1	1	\N	\N
203	0	62f41058-73d7-48e3-bb44-4e24e6aa0c0b	page-101.png	\N	2017-11-13 01:07:57.428+07	2017-11-13 01:07:57.428+07	101	22	1	1	\N	\N
204	0	bd68acea-53b6-4e10-8a0d-2e46363d8db6	page-102.png	\N	2017-11-13 01:08:00.123+07	2017-11-13 01:08:00.123+07	102	22	1	1	\N	\N
205	0	479b6717-9fad-48b9-9e39-d550c7f7293d	page-103.png	\N	2017-11-13 01:08:02.892+07	2017-11-13 01:08:02.892+07	103	22	1	1	\N	\N
206	0	cd994087-135e-496b-b610-fb1ae86e11d9	page-104.png	\N	2017-11-13 01:08:05.619+07	2017-11-13 01:08:05.619+07	104	22	1	1	\N	\N
207	0	54252ebb-173e-4040-8b7a-74686f7900aa	page-105.png	\N	2017-11-13 01:08:08.331+07	2017-11-13 01:08:08.331+07	105	22	1	1	\N	\N
208	0	94168bf0-1e77-42c8-9357-5bc610094e5b	page-106.png	\N	2017-11-13 01:08:11.029+07	2017-11-13 01:08:11.029+07	106	22	1	1	\N	\N
209	0	8aea6e0c-06a3-4be1-923a-a7d6aa412437	page-107.png	\N	2017-11-13 01:08:13.713+07	2017-11-13 01:08:13.713+07	107	22	1	1	\N	\N
210	0	73e008e8-a7ff-4956-bbaa-138280e38809	page-108.png	\N	2017-11-13 01:08:16.58+07	2017-11-13 01:08:16.58+07	108	22	1	1	\N	\N
211	0	0173d82c-139d-4440-8afe-0b0ddb98eb99	page-109.png	\N	2017-11-13 01:08:19.294+07	2017-11-13 01:08:19.294+07	109	22	1	1	\N	\N
212	0	14e160c3-124e-4501-903b-36c07828f1e6	page-110.png	\N	2017-11-13 01:08:22.055+07	2017-11-13 01:08:22.055+07	110	22	1	1	\N	\N
213	0	c1381167-86c8-4fb1-95d6-798bf3098cdb	page-111.png	\N	2017-11-13 01:08:24.877+07	2017-11-13 01:08:24.877+07	111	22	1	1	\N	\N
214	0	c2ee4460-df87-483d-94f2-cc274e0e6992	page-112.png	\N	2017-11-13 01:08:27.581+07	2017-11-13 01:08:27.581+07	112	22	1	1	\N	\N
215	0	6ec2f4ab-55a5-4829-8b85-ab438b3ac52c	page-113.png	\N	2017-11-13 01:08:30.355+07	2017-11-13 01:08:30.355+07	113	22	1	1	\N	\N
216	0	3515779a-ca41-4de1-8f32-0576eb1d8b0f	page-114.png	\N	2017-11-13 01:08:33.194+07	2017-11-13 01:08:33.194+07	114	22	1	1	\N	\N
217	0	78c30e65-2f5f-46e4-aded-ffca07ceb670	page-115.png	\N	2017-11-13 01:08:35.948+07	2017-11-13 01:08:35.948+07	115	22	1	1	\N	\N
218	0	bcdcb30a-582f-4451-a779-abd4ce5e7049	page-116.png	\N	2017-11-13 01:08:38.687+07	2017-11-13 01:08:38.687+07	116	22	1	1	\N	\N
219	0	346beb78-6e56-485a-bb20-7fae8ddd70e3	page-117.png	\N	2017-11-13 01:08:41.502+07	2017-11-13 01:08:41.502+07	117	22	1	1	\N	\N
220	0	93d020e4-b094-49a5-bbcf-975417014dce	page-118.png	\N	2017-11-13 01:08:44.301+07	2017-11-13 01:08:44.301+07	118	22	1	1	\N	\N
221	0	4778101d-c938-4df9-916e-a9dd4e8433fd	page-119.png	\N	2017-11-13 01:08:47.164+07	2017-11-13 01:08:47.164+07	119	22	1	1	\N	\N
222	0	de3082e9-af66-4b02-839a-e1e7f209f9d6	page-120.png	\N	2017-11-13 01:08:49.884+07	2017-11-13 01:08:49.884+07	120	22	1	1	\N	\N
223	0	2a1a7c35-4f1c-4d1c-a5d7-3e9fa3027679	page-121.png	\N	2017-11-13 01:08:52.749+07	2017-11-13 01:08:52.749+07	121	22	1	1	\N	\N
224	0	64e71bee-5204-4d5f-9a1a-d08480b91884	page-122.png	\N	2017-11-13 01:08:55.476+07	2017-11-13 01:08:55.476+07	122	22	1	1	\N	\N
225	0	6edc5f78-aa65-4155-8440-6e5fdb0f4fcc	page-123.png	\N	2017-11-13 01:08:58.275+07	2017-11-13 01:08:58.275+07	123	22	1	1	\N	\N
226	0	1a9a4690-bb8b-45cd-9a37-221145b46e8e	page-124.png	\N	2017-11-13 01:09:01.155+07	2017-11-13 01:09:01.155+07	124	22	1	1	\N	\N
227	0	56dcfee5-7590-4ddc-bec6-8cfa53c270b5	page-125.png	\N	2017-11-13 01:09:03.865+07	2017-11-13 01:09:03.865+07	125	22	1	1	\N	\N
228	0	511628fc-b9ff-4a2b-8392-bdd4faf8328c	page-126.png	\N	2017-11-13 01:09:06.615+07	2017-11-13 01:09:06.615+07	126	22	1	1	\N	\N
229	0	cf851989-aa68-4f3b-81ca-f64b1724bf42	page-127.png	\N	2017-11-13 01:09:09.44+07	2017-11-13 01:09:09.44+07	127	22	1	1	\N	\N
230	0	14996b58-2c7b-4788-981f-1d21c88f7a66	page-128.png	\N	2017-11-13 01:09:12.139+07	2017-11-13 01:09:12.139+07	128	22	1	1	\N	\N
231	0	62571013-f49d-4ae8-a178-081b6d128eb8	page-129.png	\N	2017-11-13 01:09:14.91+07	2017-11-13 01:09:14.91+07	129	22	1	1	\N	\N
232	0	324332e6-f552-481e-8d51-e862bb45254b	page-130.png	\N	2017-11-13 01:09:17.791+07	2017-11-13 01:09:17.791+07	130	22	1	1	\N	\N
233	0	b170b334-068d-4b29-8e32-c13ac904c689	page-131.png	\N	2017-11-13 01:09:20.69+07	2017-11-13 01:09:20.69+07	131	22	1	1	\N	\N
234	0	0eb4987b-cae0-4247-ab3c-22459c6eac21	page-132.png	\N	2017-11-13 01:09:23.437+07	2017-11-13 01:09:23.437+07	132	22	1	1	\N	\N
235	0	254e5a33-280e-4400-90af-c1fcd51db265	page-133.png	\N	2017-11-13 01:09:26.309+07	2017-11-13 01:09:26.309+07	133	22	1	1	\N	\N
236	0	d0470ebb-0e9c-4d6a-9ea7-65c97886f6b8	page-134.png	\N	2017-11-13 01:09:29.164+07	2017-11-13 01:09:29.164+07	134	22	1	1	\N	\N
237	0	4cb79d2a-5df6-4b17-9767-68afcc1e2455	page-135.png	\N	2017-11-13 01:09:32.155+07	2017-11-13 01:09:32.155+07	135	22	1	1	\N	\N
238	0	4cb3808f-7898-4b44-9215-d158ed6a4547	page-136.png	\N	2017-11-13 01:09:35.03+07	2017-11-13 01:09:35.03+07	136	22	1	1	\N	\N
239	0	aee78f4e-e8cf-407f-8763-d56302b3ba54	page-137.png	\N	2017-11-13 01:09:37.919+07	2017-11-13 01:09:37.919+07	137	22	1	1	\N	\N
240	0	367500df-12cc-41d7-acff-9d7e12c9f683	page-138.png	\N	2017-11-13 01:09:40.635+07	2017-11-13 01:09:40.635+07	138	22	1	1	\N	\N
241	0	e8a1df36-69e9-4fcc-a413-d57d64cf359b	page-139.png	\N	2017-11-13 01:09:43.499+07	2017-11-13 01:09:43.499+07	139	22	1	1	\N	\N
242	0	0e1e5793-48f7-4086-b2c1-efedd0c4246d	page-140.png	\N	2017-11-13 01:09:46.413+07	2017-11-13 01:09:46.413+07	140	22	1	1	\N	\N
243	0	0574f65d-2bd2-460e-a24a-691a577280b0	page-141.png	\N	2017-11-13 01:09:49.141+07	2017-11-13 01:09:49.141+07	141	22	1	1	\N	\N
244	0	d67edf96-d77f-4ecc-9fda-e2471703c941	page-142.png	\N	2017-11-13 01:09:51.758+07	2017-11-13 01:09:51.758+07	142	22	1	1	\N	\N
245	0	91d6b04e-6ab1-42f9-b663-60d4e0bf246c	page-143.png	\N	2017-11-13 01:09:54.317+07	2017-11-13 01:09:54.317+07	143	22	1	1	\N	\N
246	0	6b5e9018-c8d3-4734-a555-1e3cc4b56b1a	page-144.png	\N	2017-11-13 01:09:57.215+07	2017-11-13 01:09:57.215+07	144	22	1	1	\N	\N
247	0	27b5d88d-1eda-4f51-a217-ab99ab6ff445	page-145.png	\N	2017-11-13 01:09:59.976+07	2017-11-13 01:09:59.976+07	145	22	1	1	\N	\N
248	0	b51854d2-442d-4f40-9468-14239de0175f	page-146.png	\N	2017-11-13 01:10:02.79+07	2017-11-13 01:10:02.79+07	146	22	1	1	\N	\N
249	0	fe00a51e-8887-411a-8c89-ba468d6b4073	page-147.png	\N	2017-11-13 01:10:05.643+07	2017-11-13 01:10:05.643+07	147	22	1	1	\N	\N
250	0	79daf81f-ecc4-4197-8c87-1fe2abc67ba3	page-148.png	\N	2017-11-13 01:10:08.408+07	2017-11-13 01:10:08.408+07	148	22	1	1	\N	\N
251	0	3d0c3a82-462f-4911-a94d-6252b899abd0	page-149.png	\N	2017-11-13 01:10:11.319+07	2017-11-13 01:10:11.319+07	149	22	1	1	\N	\N
252	0	56b2eae3-5ed2-496c-89ed-ec02d9412f79	page-150.png	\N	2017-11-13 01:10:14.208+07	2017-11-13 01:10:14.208+07	150	22	1	1	\N	\N
253	0	48ec40a4-8698-49cf-a5e7-3a603f851853	page-151.png	\N	2017-11-13 01:10:16.972+07	2017-11-13 01:10:16.972+07	151	22	1	1	\N	\N
254	0	e7254322-5d16-4bf8-bba0-e218fce4e7f5	page-152.png	\N	2017-11-13 01:10:19.739+07	2017-11-13 01:10:19.739+07	152	22	1	1	\N	\N
255	0	0780c6b6-410f-467f-a5bd-0b78bd00e868	page-153.png	\N	2017-11-13 01:10:22.635+07	2017-11-13 01:10:22.635+07	153	22	1	1	\N	\N
256	0	714f9772-2de8-4d19-803c-8dcbc90f2d27	page-154.png	\N	2017-11-13 01:10:25.398+07	2017-11-13 01:10:25.398+07	154	22	1	1	\N	\N
257	0	98afd6a7-d701-4f3e-9574-839269576200	page-155.png	\N	2017-11-13 01:10:28.279+07	2017-11-13 01:10:28.279+07	155	22	1	1	\N	\N
258	0	baef588d-392c-461b-805d-570314c0b7a4	page-156.png	\N	2017-11-13 01:10:31.035+07	2017-11-13 01:10:31.035+07	156	22	1	1	\N	\N
259	0	d1fe17c4-1d43-41b5-8c50-e3bad9cb266f	page-157.png	\N	2017-11-13 01:10:33.955+07	2017-11-13 01:10:33.955+07	157	22	1	1	\N	\N
260	0	762ef9b3-db93-4b3d-b3f7-941f598eb106	page-158.png	\N	2017-11-13 01:10:36.868+07	2017-11-13 01:10:36.868+07	158	22	1	1	\N	\N
261	0	6228c2f6-3d60-47ea-8b22-7ecb6bf383a8	page-159.png	\N	2017-11-13 01:10:39.936+07	2017-11-13 01:10:39.936+07	159	22	1	1	\N	\N
262	0	58969796-7f91-42b2-be80-ada7cc27eadc	page-160.png	\N	2017-11-13 01:10:43.15+07	2017-11-13 01:10:43.15+07	160	22	1	1	\N	\N
263	0	d453d9cd-1393-4707-8329-30c94fe5067f	page-161.png	\N	2017-11-13 01:10:46.392+07	2017-11-13 01:10:46.392+07	161	22	1	1	\N	\N
264	0	246d64ad-c5b2-4517-aa3c-0bdac7e0adf8	page-162.png	\N	2017-11-13 01:10:49.371+07	2017-11-13 01:10:49.371+07	162	22	1	1	\N	\N
265	0	c9384b23-5007-4e2f-9420-ef2dc72be347	page-163.png	\N	2017-11-13 01:10:52.149+07	2017-11-13 01:10:52.149+07	163	22	1	1	\N	\N
266	0	f0e052ea-a5ec-4d8d-9e46-5fcab41c7897	page-164.png	\N	2017-11-13 01:10:55.02+07	2017-11-13 01:10:55.02+07	164	22	1	1	\N	\N
267	0	0e4efbd7-66c6-49de-8676-a65ff0c35aca	page-165.png	\N	2017-11-13 01:10:57.727+07	2017-11-13 01:10:57.727+07	165	22	1	1	\N	\N
268	0	49c0b155-d639-4071-ab2c-aa35d851a433	page-166.png	\N	2017-11-13 01:11:00.446+07	2017-11-13 01:11:00.446+07	166	22	1	1	\N	\N
269	0	d1abc84e-21f2-4873-930a-73954c96e1c4	page-167.png	\N	2017-11-13 01:11:03.266+07	2017-11-13 01:11:03.266+07	167	22	1	1	\N	\N
270	0	e6d8e3ef-3b5d-4e3f-87d6-c023401c8419	page-168.png	\N	2017-11-13 01:11:06.047+07	2017-11-13 01:11:06.047+07	168	22	1	1	\N	\N
271	0	a6bc22a3-617e-43d9-b731-48dd9cd725b4	page-169.png	\N	2017-11-13 01:11:08.795+07	2017-11-13 01:11:08.795+07	169	22	1	1	\N	\N
272	0	e1d2f02e-f12a-4040-8e13-393953b00bec	page-170.png	\N	2017-11-13 01:11:11.481+07	2017-11-13 01:11:11.481+07	170	22	1	1	\N	\N
273	0	4e5c779d-27ee-4377-b5b0-978ffcef67b9	page-171.png	\N	2017-11-13 01:11:14.213+07	2017-11-13 01:11:14.213+07	171	22	1	1	\N	\N
274	0	28244f30-9ce9-4c5c-b604-8ca3dfbfc8b6	page-172.png	\N	2017-11-13 01:11:16.986+07	2017-11-13 01:11:16.986+07	172	22	1	1	\N	\N
275	0	b8526073-7766-48b5-a699-7ae9c35ab053	page-173.png	\N	2017-11-13 01:11:19.774+07	2017-11-13 01:11:19.774+07	173	22	1	1	\N	\N
276	0	ca4b7c67-4cde-4fd8-a523-944a77af79b5	page-174.png	\N	2017-11-13 01:11:22.648+07	2017-11-13 01:11:22.648+07	174	22	1	1	\N	\N
277	0	60287204-15e3-4baf-8de6-95b1e1f5b1c8	page-175.png	\N	2017-11-13 01:11:25.532+07	2017-11-13 01:11:25.532+07	175	22	1	1	\N	\N
278	0	a3a89a3c-b114-451c-87af-8f3926fb9886	page-176.png	\N	2017-11-13 01:11:28.28+07	2017-11-13 01:11:28.28+07	176	22	1	1	\N	\N
279	0	6f591fe2-6cf1-4c53-8dad-850a092a1237	page-177.png	\N	2017-11-13 01:11:31.07+07	2017-11-13 01:11:31.07+07	177	22	1	1	\N	\N
280	0	23021688-1a96-459e-8706-ee95e89d7e49	page-178.png	\N	2017-11-13 01:11:34.018+07	2017-11-13 01:11:34.018+07	178	22	1	1	\N	\N
281	0	231c4075-0005-42bc-b5db-a4b27b58a607	page-179.png	\N	2017-11-13 01:11:37.15+07	2017-11-13 01:11:37.15+07	179	22	1	1	\N	\N
282	0	f9abf2ab-8a19-4b3f-b73f-9890ea43c98d	page-180.png	\N	2017-11-13 01:11:40.381+07	2017-11-13 01:11:40.381+07	180	22	1	1	\N	\N
283	0	a983c016-8196-4b1d-9f61-13a88d62e115	page-181.png	\N	2017-11-13 01:11:43.318+07	2017-11-13 01:11:43.318+07	181	22	1	1	\N	\N
284	0	b76f72a0-1a0e-47d4-bea9-44ee70f4cb9f	page-182.png	\N	2017-11-13 01:11:46.092+07	2017-11-13 01:11:46.092+07	182	22	1	1	\N	\N
285	0	646e71da-a116-433d-9498-fb762376756e	page-183.png	\N	2017-11-13 01:11:48.923+07	2017-11-13 01:11:48.923+07	183	22	1	1	\N	\N
286	0	7d713363-f0c0-4acb-9871-93d807921d7a	page-184.png	\N	2017-11-13 01:11:51.901+07	2017-11-13 01:11:51.901+07	184	22	1	1	\N	\N
287	0	5de01181-8951-48d6-abea-037bbc2ad04b	page-185.png	\N	2017-11-13 01:11:54.866+07	2017-11-13 01:11:54.866+07	185	22	1	1	\N	\N
288	0	7292f98a-5454-456b-8668-31117ad02fc7	page-186.png	\N	2017-11-13 01:11:58.272+07	2017-11-13 01:11:58.272+07	186	22	1	1	\N	\N
289	0	ec6d52a5-bdd9-47d6-b31e-dcf4473efcd9	page-187.png	\N	2017-11-13 01:12:01.911+07	2017-11-13 01:12:01.911+07	187	22	1	1	\N	\N
290	0	4137f40b-0e04-4aa8-b375-b985bfda1de1	page-188.png	\N	2017-11-13 01:12:04.826+07	2017-11-13 01:12:04.826+07	188	22	1	1	\N	\N
291	0	192245a8-4c4f-47f4-bc06-8b4f0aeb604b	page-189.png	\N	2017-11-13 01:12:07.766+07	2017-11-13 01:12:07.766+07	189	22	1	1	\N	\N
292	0	34241399-d27a-4cd0-abc2-0138fe02c553	page-190.png	\N	2017-11-13 01:12:11.07+07	2017-11-13 01:12:11.07+07	190	22	1	1	\N	\N
293	0	a8e5b9a0-e09e-4396-9a4c-31fd17603b41	page-191.png	\N	2017-11-13 01:12:14.062+07	2017-11-13 01:12:14.062+07	191	22	1	1	\N	\N
294	0	a5ab8586-bf82-432e-8ac9-57777aeb8248	page-192.png	\N	2017-11-13 01:12:17.247+07	2017-11-13 01:12:17.247+07	192	22	1	1	\N	\N
295	0	8450b4a9-30ea-4fac-83e8-d32c60e34399	page-193.png	\N	2017-11-13 01:12:20.139+07	2017-11-13 01:12:20.139+07	193	22	1	1	\N	\N
296	0	43fe0101-cbdc-4e12-b6b1-b4e6e86ff20c	page-194.png	\N	2017-11-13 01:12:23.014+07	2017-11-13 01:12:23.014+07	194	22	1	1	\N	\N
297	0	729cd271-2070-4e26-a1f7-94a9f33a000c	page-195.png	\N	2017-11-13 01:12:26.449+07	2017-11-13 01:12:26.449+07	195	22	1	1	\N	\N
298	0	50bcdd3f-459d-4e36-97ce-018b0cb06c44	page-196.png	\N	2017-11-13 01:12:29.579+07	2017-11-13 01:12:29.579+07	196	22	1	1	\N	\N
299	0	0a98bb7b-660f-4316-ab7b-49a79eacdcc2	page-197.png	\N	2017-11-13 01:12:32.932+07	2017-11-13 01:12:32.932+07	197	22	1	1	\N	\N
300	0	9265425b-edd3-4e53-b42c-7a843e144471	page-198.png	\N	2017-11-13 01:12:37.466+07	2017-11-13 01:12:37.466+07	198	22	1	1	\N	\N
301	0	502759cb-7c9b-4711-b47b-2a80cd107bc0	page-199.png	\N	2017-11-13 01:12:41.1+07	2017-11-13 01:12:41.1+07	199	22	1	1	\N	\N
302	0	691ac0ae-c55d-4265-bef6-85808e1291d3	page-200.png	\N	2017-11-13 01:12:44.529+07	2017-11-13 01:12:44.529+07	200	22	1	1	\N	\N
303	0	ee3e61bc-72b4-4349-bd93-990c7f1f2ce9	page-201.png	\N	2017-11-13 01:12:47.636+07	2017-11-13 01:12:47.636+07	201	22	1	1	\N	\N
304	0	c272bf6e-5134-46e8-926a-39c8fc829fb8	page-202.png	\N	2017-11-13 01:12:50.621+07	2017-11-13 01:12:50.621+07	202	22	1	1	\N	\N
305	0	5c77ae11-e5f1-4775-9c5e-3b3fa210a886	page-203.png	\N	2017-11-13 01:12:53.608+07	2017-11-13 01:12:53.608+07	203	22	1	1	\N	\N
306	0	a765e45d-471e-4da2-b13b-4f9e94f606fd	page-204.png	\N	2017-11-13 01:12:56.554+07	2017-11-13 01:12:56.554+07	204	22	1	1	\N	\N
307	0	55c1afba-560f-4a2d-9718-b322fa51467a	page-205.png	\N	2017-11-13 01:12:59.502+07	2017-11-13 01:12:59.502+07	205	22	1	1	\N	\N
308	0	487323f6-55a9-4d48-b7be-cc94413cc4a5	page-206.png	\N	2017-11-13 01:13:02.244+07	2017-11-13 01:13:02.244+07	206	22	1	1	\N	\N
309	0	5a3b8f34-0547-4ae9-a59a-a49bcabe5c73	page-207.png	\N	2017-11-13 01:13:05.116+07	2017-11-13 01:13:05.116+07	207	22	1	1	\N	\N
310	0	2a1bbf1b-a8b6-41ef-a33a-8ca3d6b70015	page-208.png	\N	2017-11-13 01:13:07.834+07	2017-11-13 01:13:07.834+07	208	22	1	1	\N	\N
311	0	36ac61f2-c6dd-474a-b5f9-20f29c605577	page-209.png	\N	2017-11-13 01:13:10.639+07	2017-11-13 01:13:10.639+07	209	22	1	1	\N	\N
312	0	e1d7515d-71d7-4cba-b283-0259917f5afc	page-210.png	\N	2017-11-13 01:13:13.416+07	2017-11-13 01:13:13.416+07	210	22	1	1	\N	\N
313	0	1742127c-6cf5-44b6-8485-045b95f696f3	page-211.png	\N	2017-11-13 01:13:16.172+07	2017-11-13 01:13:16.172+07	211	22	1	1	\N	\N
314	0	f5622930-fc04-4140-b903-ca82f8606d1d	page-212.png	\N	2017-11-13 01:13:18.94+07	2017-11-13 01:13:18.94+07	212	22	1	1	\N	\N
315	0	27b9a80c-32b4-43f7-ac4b-302a159cbaf0	page-213.png	\N	2017-11-13 01:13:21.572+07	2017-11-13 01:13:21.572+07	213	22	1	1	\N	\N
316	0	0c700de7-8ba8-4d0b-bf8f-b5e685d6f750	page-214.png	\N	2017-11-13 01:13:24.36+07	2017-11-13 01:13:24.36+07	214	22	1	1	\N	\N
317	0	a01ab74a-d1e0-4df8-a26a-799c66ec291c	page-215.png	\N	2017-11-13 01:13:27.128+07	2017-11-13 01:13:27.128+07	215	22	1	1	\N	\N
318	0	c98e6c1c-15c5-4cab-b217-f5245fad450f	page-216.png	\N	2017-11-13 01:13:29.932+07	2017-11-13 01:13:29.932+07	216	22	1	1	\N	\N
319	0	2c1d45b9-5a29-41ec-974d-c7dbc11b88ba	page-217.png	\N	2017-11-13 01:13:32.85+07	2017-11-13 01:13:32.85+07	217	22	1	1	\N	\N
320	0	c39cd7f5-f7ef-423b-88d5-3f93d8ccdc44	page-218.png	\N	2017-11-13 01:13:35.691+07	2017-11-13 01:13:35.691+07	218	22	1	1	\N	\N
321	0	d68b9034-91cc-4bb8-94b3-6f63c0e4e4bc	page-219.png	\N	2017-11-13 01:13:38.484+07	2017-11-13 01:13:38.484+07	219	22	1	1	\N	\N
322	0	8b349f87-f729-48e3-90c3-a7c6069ad56b	page-220.png	\N	2017-11-13 01:13:41.3+07	2017-11-13 01:13:41.3+07	220	22	1	1	\N	\N
323	0	5b997f38-48c2-4e45-a3b2-e6183a0133b5	page-221.png	\N	2017-11-13 01:13:44.088+07	2017-11-13 01:13:44.088+07	221	22	1	1	\N	\N
324	0	79c96df5-1386-4f19-9183-56a8f4ac5450	page-222.png	\N	2017-11-13 01:13:46.918+07	2017-11-13 01:13:46.918+07	222	22	1	1	\N	\N
325	0	3ed8cbf0-8bbd-4342-8ad8-d96b450f7bc0	page-223.png	\N	2017-11-13 01:13:49.84+07	2017-11-13 01:13:49.84+07	223	22	1	1	\N	\N
326	0	c80bc3a4-fd06-4f95-b6f3-261fea7b04d9	page-224.png	\N	2017-11-13 01:13:52.649+07	2017-11-13 01:13:52.649+07	224	22	1	1	\N	\N
327	0	47f35acf-fb78-492f-9492-90fc3d4b1eac	page-225.png	\N	2017-11-13 01:13:55.499+07	2017-11-13 01:13:55.499+07	225	22	1	1	\N	\N
328	0	d44f4281-378f-4459-a681-ae16cf7728bb	page-226.png	\N	2017-11-13 01:13:58.247+07	2017-11-13 01:13:58.247+07	226	22	1	1	\N	\N
329	0	b29a246f-d818-4823-ad39-0ccfeb0dda73	page-227.png	\N	2017-11-13 01:14:01.213+07	2017-11-13 01:14:01.213+07	227	22	1	1	\N	\N
330	0	f73354d1-36f8-4f07-b9ad-9548c0571fe9	page-228.png	\N	2017-11-13 01:14:04.042+07	2017-11-13 01:14:04.042+07	228	22	1	1	\N	\N
331	0	54b01060-54db-4525-8d47-d62d49605dc4	page-229.png	\N	2017-11-13 01:14:06.801+07	2017-11-13 01:14:06.801+07	229	22	1	1	\N	\N
332	0	222a5f52-44e4-487d-8610-480a06cec416	page-230.png	\N	2017-11-13 01:14:09.744+07	2017-11-13 01:14:09.744+07	230	22	1	1	\N	\N
333	0	df62b124-d612-43c3-8d47-7a3054adfaf8	page-231.png	\N	2017-11-13 01:14:12.564+07	2017-11-13 01:14:12.564+07	231	22	1	1	\N	\N
334	0	73825eb1-0d8c-4daf-80ba-8fa484b102f2	page-232.png	\N	2017-11-13 01:14:15.385+07	2017-11-13 01:14:15.385+07	232	22	1	1	\N	\N
335	0	3f3e8ae1-643b-4ce8-9385-45015717eb76	page-233.png	\N	2017-11-13 01:14:18.201+07	2017-11-13 01:14:18.201+07	233	22	1	1	\N	\N
336	0	b8a8ab51-78a2-45fd-a375-dad17ee3b631	page-234.png	\N	2017-11-13 01:14:21.02+07	2017-11-13 01:14:21.02+07	234	22	1	1	\N	\N
337	0	4377f5bd-aa15-40bf-8f30-4140bb97d5b1	page-235.png	\N	2017-11-13 01:14:23.874+07	2017-11-13 01:14:23.874+07	235	22	1	1	\N	\N
338	0	a3f72987-393c-45f0-9fc0-5325b3a76d24	page-236.png	\N	2017-11-13 01:14:26.698+07	2017-11-13 01:14:26.698+07	236	22	1	1	\N	\N
339	0	bc623b5c-5751-41fe-85a9-13a224af586b	page-237.png	\N	2017-11-13 01:14:29.65+07	2017-11-13 01:14:29.65+07	237	22	1	1	\N	\N
340	0	324271cd-02cc-47ec-b30f-26afc0fe423c	page-238.png	\N	2017-11-13 01:14:32.696+07	2017-11-13 01:14:32.696+07	238	22	1	1	\N	\N
341	0	ea70261d-b7ab-4c8f-9cdd-5092266e8d82	page-239.png	\N	2017-11-13 01:14:35.529+07	2017-11-13 01:14:35.529+07	239	22	1	1	\N	\N
342	0	822cb4da-1bfe-4583-8538-627b69fbb97a	page-240.png	\N	2017-11-13 01:14:38.498+07	2017-11-13 01:14:38.498+07	240	22	1	1	\N	\N
343	0	7ce4e448-8c7e-4196-adeb-6aaaae1bdab2	page-241.png	\N	2017-11-13 01:14:41.403+07	2017-11-13 01:14:41.403+07	241	22	1	1	\N	\N
344	0	ca4a5e4b-750a-48f7-b0c7-f3d06585a8f5	page-242.png	\N	2017-11-13 01:14:44.351+07	2017-11-13 01:14:44.351+07	242	22	1	1	\N	\N
345	0	92028b4d-912c-45d2-9afc-3e1226c11bab	page-243.png	\N	2017-11-13 01:14:47.184+07	2017-11-13 01:14:47.184+07	243	22	1	1	\N	\N
346	0	77d5811a-6671-40f3-90a3-fb93847b8f31	page-244.png	\N	2017-11-13 01:14:50.142+07	2017-11-13 01:14:50.142+07	244	22	1	1	\N	\N
347	0	c5cd06eb-99a5-4d9b-bdc6-e62384b266d3	page-245.png	\N	2017-11-13 01:14:54.452+07	2017-11-13 01:14:54.452+07	245	22	1	1	\N	\N
348	0	ed18b716-7fdf-4084-94c3-07324eda000d	page-246.png	\N	2017-11-13 01:14:57.982+07	2017-11-13 01:14:57.982+07	246	22	1	1	\N	\N
349	0	7db03fec-c117-411f-8641-77e35b616d7f	page-247.png	\N	2017-11-13 01:15:01.611+07	2017-11-13 01:15:01.611+07	247	22	1	1	\N	\N
350	0	0c59e167-8a53-48f4-a1f0-b66e949dcf41	page-248.png	\N	2017-11-13 01:15:05.558+07	2017-11-13 01:15:05.558+07	248	22	1	1	\N	\N
351	0	4b0f6841-70e4-41aa-b267-620f21073f17	page-249.png	\N	2017-11-13 01:15:09.345+07	2017-11-13 01:15:09.345+07	249	22	1	1	\N	\N
352	0	29080123-1cb6-48df-b24b-95d8c25c0522	page-250.png	\N	2017-11-13 01:15:12.651+07	2017-11-13 01:15:12.651+07	250	22	1	1	\N	\N
353	0	579098c5-f497-49c0-aa0c-7ce3cc0ca46c	page-251.png	\N	2017-11-13 01:15:15.678+07	2017-11-13 01:15:15.678+07	251	22	1	1	\N	\N
354	0	867fc863-436f-4c03-b6be-2ce671c86176	page-252.png	\N	2017-11-13 01:15:19.047+07	2017-11-13 01:15:19.047+07	252	22	1	1	\N	\N
355	0	dd71d7ac-45b2-400c-8ebb-d343533d5b7f	page-253.png	\N	2017-11-13 01:15:22.357+07	2017-11-13 01:15:22.357+07	253	22	1	1	\N	\N
356	0	54ab7c9f-23a9-4ab6-a869-dca0fe80bacf	page-254.png	\N	2017-11-13 01:15:25.51+07	2017-11-13 01:15:25.51+07	254	22	1	1	\N	\N
357	0	00373113-aeba-48f2-8c82-fe2c29e7631a	page-255.png	\N	2017-11-13 01:15:28.828+07	2017-11-13 01:15:28.828+07	255	22	1	1	\N	\N
358	0	27c5f403-8f55-43a2-900a-3207d617d507	page-256.png	\N	2017-11-13 01:15:32.209+07	2017-11-13 01:15:32.209+07	256	22	1	1	\N	\N
359	0	0a02a8a1-b167-46f1-a0ed-1fd3be1e1d54	page-257.png	\N	2017-11-13 01:15:35.464+07	2017-11-13 01:15:35.464+07	257	22	1	1	\N	\N
360	0	2870718b-6cb6-41ed-be8f-67a786012402	page-258.png	\N	2017-11-13 01:15:38.687+07	2017-11-13 01:15:38.687+07	258	22	1	1	\N	\N
361	0	933478e3-3ca6-4c07-8933-01444b788f34	page-259.png	\N	2017-11-13 01:15:41.836+07	2017-11-13 01:15:41.836+07	259	22	1	1	\N	\N
362	0	8656e2d0-83ae-4c41-8a60-db961636e36d	page-260.png	\N	2017-11-13 01:15:44.996+07	2017-11-13 01:15:44.996+07	260	22	1	1	\N	\N
363	0	7ea0d20f-50b6-48e0-ab4f-8b1451c48996	page-261.png	\N	2017-11-13 01:15:48.213+07	2017-11-13 01:15:48.213+07	261	22	1	1	\N	\N
364	0	d3998d9d-7669-456c-8ef3-24764845e3ca	page-262.png	\N	2017-11-13 01:15:51.131+07	2017-11-13 01:15:51.131+07	262	22	1	1	\N	\N
365	0	0c5471f2-0cc1-41c2-848b-fa8fe338af9e	page-263.png	\N	2017-11-13 01:15:54.24+07	2017-11-13 01:15:54.24+07	263	22	1	1	\N	\N
366	0	94b487fd-c685-4dbd-80eb-ab3d8b677454	page-264.png	\N	2017-11-13 01:15:57.144+07	2017-11-13 01:15:57.144+07	264	22	1	1	\N	\N
367	0	a11111de-73ea-4e91-bb53-c7067a7f6c6f	page-265.png	\N	2017-11-13 01:16:00.391+07	2017-11-13 01:16:00.391+07	265	22	1	1	\N	\N
368	0	95f66698-4e3f-4040-9d5d-5e96d780857b	page-266.png	\N	2017-11-13 01:16:03.423+07	2017-11-13 01:16:03.423+07	266	22	1	1	\N	\N
369	0	6a7dba38-876f-45e5-86c9-57af27c8a47b	page-267.png	\N	2017-11-13 01:16:06.559+07	2017-11-13 01:16:06.559+07	267	22	1	1	\N	\N
370	0	b99ff8c5-4073-4dd5-b9ec-fa77b59d7dfe	page-268.png	\N	2017-11-13 01:16:09.527+07	2017-11-13 01:16:09.527+07	268	22	1	1	\N	\N
371	0	a9fe048b-f546-4aee-9081-629b801913c8	page-269.png	\N	2017-11-13 01:16:12.447+07	2017-11-13 01:16:12.447+07	269	22	1	1	\N	\N
372	0	666119ce-ced3-4d48-a879-48e093207bec	page-270.png	\N	2017-11-13 01:16:15.658+07	2017-11-13 01:16:15.658+07	270	22	1	1	\N	\N
373	0	f53288b2-748b-45b6-b0ce-ee478e6da6ce	page-271.png	\N	2017-11-13 01:16:18.73+07	2017-11-13 01:16:18.73+07	271	22	1	1	\N	\N
374	0	7f3bf910-4191-4af5-bced-b0c4d23a40fe	page-272.png	\N	2017-11-13 01:16:21.928+07	2017-11-13 01:16:21.928+07	272	22	1	1	\N	\N
375	0	7750780f-c38c-4abc-a116-514db77f9e17	page-273.png	\N	2017-11-13 01:16:25.262+07	2017-11-13 01:16:25.262+07	273	22	1	1	\N	\N
376	0	34cccda0-b29a-4fe1-b8b3-d3df6746e316	page-274.png	\N	2017-11-13 01:16:28.242+07	2017-11-13 01:16:28.242+07	274	22	1	1	\N	\N
377	0	eb7f051f-11dd-4ddd-b615-6e5e4bad8319	page-275.png	\N	2017-11-13 01:16:31.467+07	2017-11-13 01:16:31.467+07	275	22	1	1	\N	\N
378	0	412238e1-c11d-434d-9474-0f4b99e1f7bc	page-276.png	\N	2017-11-13 01:16:34.339+07	2017-11-13 01:16:34.339+07	276	22	1	1	\N	\N
379	0	e326ff97-ce42-4589-b5e3-728402b04d65	page-277.png	\N	2017-11-13 01:16:38.159+07	2017-11-13 01:16:38.159+07	277	22	1	1	\N	\N
380	0	fe3a64d5-077e-4718-99a5-e8cf88b499f1	page-278.png	\N	2017-11-13 01:16:42.026+07	2017-11-13 01:16:42.026+07	278	22	1	1	\N	\N
381	0	7a173d04-edd3-4c31-bd3d-b6a99d550ba5	page-279.png	\N	2017-11-13 01:16:44.837+07	2017-11-13 01:16:44.837+07	279	22	1	1	\N	\N
382	0	5c8e1953-a028-4c06-a221-1317fd6696d1	page-280.png	\N	2017-11-13 01:16:47.756+07	2017-11-13 01:16:47.756+07	280	22	1	1	\N	\N
383	0	b1c02883-e6d4-4f7c-b839-5bb3f3ef28bb	page-281.png	\N	2017-11-13 01:16:50.736+07	2017-11-13 01:16:50.736+07	281	22	1	1	\N	\N
384	0	d4c5d83f-ebd9-4849-96bf-0cb71cd32d5a	page-282.png	\N	2017-11-13 01:16:53.834+07	2017-11-13 01:16:53.834+07	282	22	1	1	\N	\N
385	0	7c446238-ff27-4a1a-95dd-b1ae7a7c64ff	page-283.png	\N	2017-11-13 01:16:56.931+07	2017-11-13 01:16:56.931+07	283	22	1	1	\N	\N
386	0	7282fc37-6b60-4ebd-95be-e276bf1ce654	page-284.png	\N	2017-11-13 01:17:00.03+07	2017-11-13 01:17:00.03+07	284	22	1	1	\N	\N
387	0	6a5c166c-65af-434b-9853-36ac3b217df8	page-285.png	\N	2017-11-13 01:17:03.34+07	2017-11-13 01:17:03.34+07	285	22	1	1	\N	\N
388	0	968fd412-8a49-4264-9fff-b09e4aa9bd7f	page-286.png	\N	2017-11-13 01:17:06.619+07	2017-11-13 01:17:06.619+07	286	22	1	1	\N	\N
389	0	679f32f4-6456-4397-bd82-af43f92815bf	page-287.png	\N	2017-11-13 01:17:10.045+07	2017-11-13 01:17:10.045+07	287	22	1	1	\N	\N
390	0	e9725d5a-9b80-4653-bb85-ca5d72079a7b	page-288.png	\N	2017-11-13 01:17:13.635+07	2017-11-13 01:17:13.635+07	288	22	1	1	\N	\N
391	0	5b2bf27e-4b14-428c-887c-001894698217	page-289.png	\N	2017-11-13 01:17:16.896+07	2017-11-13 01:17:16.896+07	289	22	1	1	\N	\N
392	0	0776c9ef-4103-4378-9c6f-86308b3babbf	page-290.png	\N	2017-11-13 01:17:20.042+07	2017-11-13 01:17:20.042+07	290	22	1	1	\N	\N
393	0	e0abe304-ee18-4b03-a651-59b8e62b9c35	page-291.png	\N	2017-11-13 01:17:23.514+07	2017-11-13 01:17:23.514+07	291	22	1	1	\N	\N
394	0	5c28ca71-d7ff-475c-b710-1b93869ab8a7	page-292.png	\N	2017-11-13 01:17:26.883+07	2017-11-13 01:17:26.883+07	292	22	1	1	\N	\N
395	0	c4f86e55-0d34-4d83-b592-838f1df0b4c7	page-293.png	\N	2017-11-13 01:17:30.615+07	2017-11-13 01:17:30.615+07	293	22	1	1	\N	\N
396	0	7195c89b-6828-4c27-8602-5e0ab6c1e88c	page-294.png	\N	2017-11-13 01:17:34.014+07	2017-11-13 01:17:34.014+07	294	22	1	1	\N	\N
397	0	106d42ca-8382-494f-8aa7-321568595992	page-295.png	\N	2017-11-13 01:17:37.485+07	2017-11-13 01:17:37.485+07	295	22	1	1	\N	\N
398	0	9792144c-bf30-40a8-99b7-2d9e27f1e7cd	page-296.png	\N	2017-11-13 01:17:40.629+07	2017-11-13 01:17:40.629+07	296	22	1	1	\N	\N
399	0	ac301216-0c15-48d2-a621-0ec8343386ca	page-297.png	\N	2017-11-13 01:17:43.802+07	2017-11-13 01:17:43.802+07	297	22	1	1	\N	\N
400	0	3b56e528-ebb5-4fd2-b706-5e8eefd23584	page-298.png	\N	2017-11-13 01:17:47.144+07	2017-11-13 01:17:47.144+07	298	22	1	1	\N	\N
401	0	14952403-2048-467d-bc8a-b3626a903376	page-299.png	\N	2017-11-13 01:17:50.62+07	2017-11-13 01:17:50.62+07	299	22	1	1	\N	\N
402	0	4ccb83e5-d640-4389-8f34-3fcfb7b3afc2	page-300.png	\N	2017-11-13 01:17:54.184+07	2017-11-13 01:17:54.184+07	300	22	1	1	\N	\N
403	0	9bf6e9d8-2689-4028-b361-b73dd6397d9c	page-301.png	\N	2017-11-13 01:17:57.354+07	2017-11-13 01:17:57.354+07	301	22	1	1	\N	\N
404	0	79db7b60-dd6f-41a2-96d1-46503035d368	page-302.png	\N	2017-11-13 01:18:00.605+07	2017-11-13 01:18:00.605+07	302	22	1	1	\N	\N
405	0	8dddb0cf-0e24-4292-92ea-fc6f27fa7a55	page-303.png	\N	2017-11-13 01:18:03.819+07	2017-11-13 01:18:03.819+07	303	22	1	1	\N	\N
406	0	312aadae-1964-4489-a6e8-6c4fec69d289	page-304.png	\N	2017-11-13 01:18:07.651+07	2017-11-13 01:18:07.651+07	304	22	1	1	\N	\N
407	0	ce4bbeb6-d70c-491b-856d-8522423ade98	page-305.png	\N	2017-11-13 01:18:11.313+07	2017-11-13 01:18:11.313+07	305	22	1	1	\N	\N
408	0	cc873a5c-6ef1-4f4e-8867-71eccd7d47a8	page-306.png	\N	2017-11-13 01:18:15.816+07	2017-11-13 01:18:15.816+07	306	22	1	1	\N	\N
409	0	4754125d-f280-4b3b-b97e-35caeeba16ed	page-307.png	\N	2017-11-13 01:18:19.268+07	2017-11-13 01:18:19.268+07	307	22	1	1	\N	\N
410	0	8394c44a-51da-4430-9ec5-6d6490c3d60d	page-308.png	\N	2017-11-13 01:18:22.499+07	2017-11-13 01:18:22.499+07	308	22	1	1	\N	\N
411	0	d7bd9a52-fbdf-4c08-b877-fd43c7e20f66	page-309.png	\N	2017-11-13 01:18:25.893+07	2017-11-13 01:18:25.893+07	309	22	1	1	\N	\N
412	0	d924a28c-bc88-4c3f-9b6e-c3eb07fbfd84	page-310.png	\N	2017-11-13 01:18:29.021+07	2017-11-13 01:18:29.021+07	310	22	1	1	\N	\N
413	0	927542f9-6770-4e99-acbc-850925b5afe2	page-311.png	\N	2017-11-13 01:18:32.333+07	2017-11-13 01:18:32.333+07	311	22	1	1	\N	\N
414	0	de0fd5b0-1c20-4e50-a25f-8ba4b4fa1eba	page-312.png	\N	2017-11-13 01:18:35.403+07	2017-11-13 01:18:35.403+07	312	22	1	1	\N	\N
415	0	c568c843-c615-4d6e-a8d3-5ac3a2bc0cc0	page-313.png	\N	2017-11-13 01:18:38.62+07	2017-11-13 01:18:38.62+07	313	22	1	1	\N	\N
416	0	6e728d72-09aa-4f47-a51a-76c0d18889fd	page-314.png	\N	2017-11-13 01:18:42.238+07	2017-11-13 01:18:42.238+07	314	22	1	1	\N	\N
417	0	bfdd49ae-3a92-450d-bfde-6bc3af647871	page-315.png	\N	2017-11-13 01:18:45.972+07	2017-11-13 01:18:45.972+07	315	22	1	1	\N	\N
418	0	8a80f566-0aab-4a10-9c9c-65d038864f79	page-316.png	\N	2017-11-13 01:18:49.51+07	2017-11-13 01:18:49.51+07	316	22	1	1	\N	\N
419	0	ffc6155c-0c18-4011-a486-1342acba9dd7	page-317.png	\N	2017-11-13 01:18:53.227+07	2017-11-13 01:18:53.227+07	317	22	1	1	\N	\N
420	0	ab44b660-1ae5-4477-9a81-bb1cf421113c	page-318.png	\N	2017-11-13 01:18:56.646+07	2017-11-13 01:18:56.646+07	318	22	1	1	\N	\N
421	0	390baada-e73c-42fe-addf-83b41bca3678	page-319.png	\N	2017-11-13 01:18:59.939+07	2017-11-13 01:18:59.939+07	319	22	1	1	\N	\N
422	0	bd62e2b5-48b3-4224-a7fc-06a47d2fe2df	page-320.png	\N	2017-11-13 01:19:03.108+07	2017-11-13 01:19:03.108+07	320	22	1	1	\N	\N
423	0	a6b350af-ac40-4afa-ae8a-41863870a429	page-321.png	\N	2017-11-13 01:19:06.577+07	2017-11-13 01:19:06.577+07	321	22	1	1	\N	\N
424	0	64fe6241-67d3-4c67-806f-e7591d140640	page-322.png	\N	2017-11-13 01:19:09.915+07	2017-11-13 01:19:09.915+07	322	22	1	1	\N	\N
425	0	28dffb30-ba01-43e7-bb40-508e69d968da	page-323.png	\N	2017-11-13 01:19:13.417+07	2017-11-13 01:19:13.417+07	323	22	1	1	\N	\N
426	0	7574123e-02a8-439f-8fd9-6a69f9e04695	page-324.png	\N	2017-11-13 01:19:16.89+07	2017-11-13 01:19:16.89+07	324	22	1	1	\N	\N
427	0	c5bceba4-1ae5-4405-b0a5-2e2373b51a50	page-325.png	\N	2017-11-13 01:19:20.429+07	2017-11-13 01:19:20.429+07	325	22	1	1	\N	\N
428	0	dffbdb0f-2d32-4dd1-a661-70c808eacee4	page-326.png	\N	2017-11-13 01:19:24.15+07	2017-11-13 01:19:24.15+07	326	22	1	1	\N	\N
429	0	a5abc427-d9bf-43f3-b510-f74af4c11819	page-327.png	\N	2017-11-13 01:19:27.805+07	2017-11-13 01:19:27.805+07	327	22	1	1	\N	\N
430	0	66fbd6df-4bd4-4f53-afd6-61f1e1c50663	page-328.png	\N	2017-11-13 01:19:32.417+07	2017-11-13 01:19:32.417+07	328	22	1	1	\N	\N
431	0	2db4d876-4ec4-441f-8bae-91e1ad3c5e99	page-329.png	\N	2017-11-13 01:19:36.646+07	2017-11-13 01:19:36.646+07	329	22	1	1	\N	\N
432	0	4e767f87-2aa0-4efd-b41e-82f327ff1b0b	page-330.png	\N	2017-11-13 01:19:40.331+07	2017-11-13 01:19:40.331+07	330	22	1	1	\N	\N
433	0	9e0b51ca-ea90-4235-b471-5149bcaa18e8	page-331.png	\N	2017-11-13 01:19:43.713+07	2017-11-13 01:19:43.713+07	331	22	1	1	\N	\N
434	0	7a53a8b6-f72b-4fd7-9635-0a352184ed37	page-332.png	\N	2017-11-13 01:19:47.075+07	2017-11-13 01:19:47.075+07	332	22	1	1	\N	\N
435	0	650b4fbc-83d1-421d-91e1-2a4d77eae069	page-333.png	\N	2017-11-13 01:19:50.385+07	2017-11-13 01:19:50.385+07	333	22	1	1	\N	\N
436	0	d2ed77de-69bb-4c77-97dc-01ae4b002992	page-334.png	\N	2017-11-13 01:19:53.684+07	2017-11-13 01:19:53.684+07	334	22	1	1	\N	\N
437	0	bf382422-2eb5-452e-87b9-3b657e85d40c	page-335.png	\N	2017-11-13 01:19:57.18+07	2017-11-13 01:19:57.18+07	335	22	1	1	\N	\N
438	0	a8d3b935-54d1-49e4-a24c-25f659fdacf1	page-336.png	\N	2017-11-13 01:20:00.914+07	2017-11-13 01:20:00.914+07	336	22	1	1	\N	\N
439	0	fe6a42df-687d-47f9-8037-5a6f89416488	page-337.png	\N	2017-11-13 01:20:04.12+07	2017-11-13 01:20:04.12+07	337	22	1	1	\N	\N
440	0	7bc85b57-ef24-4c6d-b85e-17020c5fbbad	page-338.png	\N	2017-11-13 01:20:07.494+07	2017-11-13 01:20:07.494+07	338	22	1	1	\N	\N
441	0	4c5501e8-e8ae-4bec-b07d-ff4d0b7db438	page-339.png	\N	2017-11-13 01:20:11.045+07	2017-11-13 01:20:11.045+07	339	22	1	1	\N	\N
442	0	bc704045-8710-4582-8825-a0090e16182f	page-340.png	\N	2017-11-13 01:20:14.342+07	2017-11-13 01:20:14.342+07	340	22	1	1	\N	\N
443	0	643cca26-61b4-4674-833c-9eca5180432d	page-341.png	\N	2017-11-13 01:20:17.762+07	2017-11-13 01:20:17.762+07	341	22	1	1	\N	\N
444	0	1ea7d152-1b5a-464c-b273-4268faa3bdd8	page-342.png	\N	2017-11-13 01:20:21.315+07	2017-11-13 01:20:21.315+07	342	22	1	1	\N	\N
445	0	e3edf821-44f4-4df1-9599-0f8df1e62e0f	page-343.png	\N	2017-11-13 01:20:24.816+07	2017-11-13 01:20:24.816+07	343	22	1	1	\N	\N
446	0	68076f0b-41a1-4122-acd2-4ad98dda67e3	page-344.png	\N	2017-11-13 01:20:28.338+07	2017-11-13 01:20:28.338+07	344	22	1	1	\N	\N
447	0	a65c6128-eeb8-488e-bb55-5d2dad66a90c	page-345.png	\N	2017-11-13 01:20:31.657+07	2017-11-13 01:20:31.657+07	345	22	1	1	\N	\N
448	0	9adb751f-97e4-4e1d-ac8d-0c94844f3470	page-346.png	\N	2017-11-13 01:20:35.232+07	2017-11-13 01:20:35.232+07	346	22	1	1	\N	\N
449	0	4bc1d05b-68ec-4c93-a882-7d7acf46e970	page-347.png	\N	2017-11-13 01:20:38.679+07	2017-11-13 01:20:38.679+07	347	22	1	1	\N	\N
450	0	c01c00e6-ff84-405d-a940-aeb400f5d878	page-348.png	\N	2017-11-13 01:20:41.917+07	2017-11-13 01:20:41.917+07	348	22	1	1	\N	\N
451	0	e05b5518-0f82-4903-a72f-c0fb1a4198d2	page-349.png	\N	2017-11-13 01:20:45.517+07	2017-11-13 01:20:45.517+07	349	22	1	1	\N	\N
452	0	13d04d0a-6976-48fd-b6ee-6f3f8bac2ca5	page-350.png	\N	2017-11-13 01:20:48.957+07	2017-11-13 01:20:48.957+07	350	22	1	1	\N	\N
453	0	090e16c5-bd4c-4cff-8fce-a1447f351393	page-351.png	\N	2017-11-13 01:20:52.272+07	2017-11-13 01:20:52.272+07	351	22	1	1	\N	\N
454	0	49d247c1-7497-4dd2-8a8c-a4d7ca56f060	page-352.png	\N	2017-11-13 01:20:55.653+07	2017-11-13 01:20:55.653+07	352	22	1	1	\N	\N
455	0	e9f6ff9f-2a35-424f-9374-a2bb97684988	page-353.png	\N	2017-11-13 01:20:59.143+07	2017-11-13 01:20:59.143+07	353	22	1	1	\N	\N
456	0	4bc60b5e-7a8c-4877-b776-426aa3e289c3	page-354.png	\N	2017-11-13 01:21:02.546+07	2017-11-13 01:21:02.546+07	354	22	1	1	\N	\N
457	0	78ea3f18-1ed8-4c32-b6ef-ffed34f23343	page-355.png	\N	2017-11-13 01:21:05.99+07	2017-11-13 01:21:05.99+07	355	22	1	1	\N	\N
458	0	9d8fdcd8-4672-4aaf-8d7d-a69018df67d6	page-356.png	\N	2017-11-13 01:21:09.295+07	2017-11-13 01:21:09.295+07	356	22	1	1	\N	\N
459	0	1534adb2-482e-41da-ab9e-880e76aeaa4b	page-357.png	\N	2017-11-13 01:21:12.791+07	2017-11-13 01:21:12.791+07	357	22	1	1	\N	\N
460	0	1ef294df-fff8-4660-82f8-b66c948d6bc4	page-358.png	\N	2017-11-13 01:21:16.408+07	2017-11-13 01:21:16.408+07	358	22	1	1	\N	\N
461	0	16624efd-9689-4038-ac7a-b9bc1cd78935	page-359.png	\N	2017-11-13 01:21:19.663+07	2017-11-13 01:21:19.663+07	359	22	1	1	\N	\N
462	0	69272921-2d91-49c9-b1df-72bfe422c3fb	page-360.png	\N	2017-11-13 01:21:22.971+07	2017-11-13 01:21:22.971+07	360	22	1	1	\N	\N
463	0	7b10cd7d-0756-42a5-a680-121f3bfe03b3	page-361.png	\N	2017-11-13 01:21:26.311+07	2017-11-13 01:21:26.311+07	361	22	1	1	\N	\N
464	0	3e01ddfb-b8b2-4ad8-bbb1-d29413291370	page-362.png	\N	2017-11-13 01:21:29.618+07	2017-11-13 01:21:29.618+07	362	22	1	1	\N	\N
465	0	89d1603d-62c3-4c68-a079-6a7a7bc68ef9	page-363.png	\N	2017-11-13 01:21:33.175+07	2017-11-13 01:21:33.175+07	363	22	1	1	\N	\N
466	0	fb8e4312-9737-44de-9631-8e06459e8e17	page-364.png	\N	2017-11-13 01:21:36.56+07	2017-11-13 01:21:36.56+07	364	22	1	1	\N	\N
467	0	4e7e4e02-9073-4453-9193-84ad8dc075bc	page-365.png	\N	2017-11-13 01:21:39.74+07	2017-11-13 01:21:39.74+07	365	22	1	1	\N	\N
468	0	c7c3d60d-e4a6-4193-a5eb-f22fc56add18	page-366.png	\N	2017-11-13 01:21:44.204+07	2017-11-13 01:21:44.204+07	366	22	1	1	\N	\N
469	0	580dfa7f-7b7a-4272-9ea9-48616e2934f6	page-367.png	\N	2017-11-13 01:21:48.169+07	2017-11-13 01:21:48.169+07	367	22	1	1	\N	\N
470	0	6b0ffd48-0911-4e01-b96d-03be66a22125	page-368.png	\N	2017-11-13 01:21:51.725+07	2017-11-13 01:21:51.725+07	368	22	1	1	\N	\N
471	0	0d39e401-58b8-4291-a9a4-a13367bd0b88	page-369.png	\N	2017-11-13 01:21:54.643+07	2017-11-13 01:21:54.643+07	369	22	1	1	\N	\N
472	0	bdec861e-741f-43dc-b969-f182e57e178d	page-370.png	\N	2017-11-13 01:21:57.691+07	2017-11-13 01:21:57.691+07	370	22	1	1	\N	\N
473	0	910bf73f-7a1c-4017-9f98-9ee3b7d4772a	page-371.png	\N	2017-11-13 01:22:00.643+07	2017-11-13 01:22:00.643+07	371	22	1	1	\N	\N
474	0	79f08e46-66dc-4d7a-bccc-fb1f7cc97340	page-372.png	\N	2017-11-13 01:22:03.716+07	2017-11-13 01:22:03.716+07	372	22	1	1	\N	\N
475	0	738f1c9e-a679-4604-be0c-9abd2d35c201	page-373.png	\N	2017-11-13 01:22:06.858+07	2017-11-13 01:22:06.858+07	373	22	1	1	\N	\N
476	0	47c71779-ce0f-4e20-b563-f95a3bf5fa10	page-374.png	\N	2017-11-13 01:22:10.097+07	2017-11-13 01:22:10.097+07	374	22	1	1	\N	\N
477	0	e72b81b0-2c90-42b5-916c-735e0879d3b6	page-375.png	\N	2017-11-13 01:22:13.045+07	2017-11-13 01:22:13.045+07	375	22	1	1	\N	\N
478	0	c43ff9be-8286-4189-88b7-e879fb95d2f8	page-376.png	\N	2017-11-13 01:22:16.688+07	2017-11-13 01:22:16.688+07	376	22	1	1	\N	\N
479	0	0b7a1ba1-ae30-4fa8-acdb-cd1f469e4345	page-377.png	\N	2017-11-13 01:22:19.826+07	2017-11-13 01:22:19.826+07	377	22	1	1	\N	\N
480	0	2c333503-b045-4bfe-91c9-cc28821b6f82	page-378.png	\N	2017-11-13 01:22:23.018+07	2017-11-13 01:22:23.018+07	378	22	1	1	\N	\N
481	0	09fe68ca-0f85-4a08-ba22-0ab59b4b78c3	page-379.png	\N	2017-11-13 01:22:26.168+07	2017-11-13 01:22:26.168+07	379	22	1	1	\N	\N
482	0	73e703bb-5b21-4014-9991-839118e9c496	page-380.png	\N	2017-11-13 01:22:29.358+07	2017-11-13 01:22:29.358+07	380	22	1	1	\N	\N
483	0	c9cdedb3-0713-4199-8219-660158c0cb3b	page-381.png	\N	2017-11-13 01:22:32.205+07	2017-11-13 01:22:32.205+07	381	22	1	1	\N	\N
484	0	ee950504-9515-45d5-b0d1-d580a71d3542	page-382.png	\N	2017-11-13 01:22:35.12+07	2017-11-13 01:22:35.12+07	382	22	1	1	\N	\N
485	0	c845c115-c516-4ca0-81de-61aad8cf960c	page-383.png	\N	2017-11-13 01:22:38.096+07	2017-11-13 01:22:38.096+07	383	22	1	1	\N	\N
486	0	d49c7d6e-2717-44eb-b8e0-d8ffc723f164	page-384.png	\N	2017-11-13 01:22:40.997+07	2017-11-13 01:22:40.997+07	384	22	1	1	\N	\N
487	0	696c4d9b-a8c7-4739-b650-5b85d8bfed2a	page-385.png	\N	2017-11-13 01:22:43.938+07	2017-11-13 01:22:43.938+07	385	22	1	1	\N	\N
488	0	0e35e84a-1970-4322-bb19-c88a91a454b1	page-386.png	\N	2017-11-13 01:22:46.77+07	2017-11-13 01:22:46.77+07	386	22	1	1	\N	\N
489	0	c75f71a7-365f-4317-aefc-eafea9466a79	page-387.png	\N	2017-11-13 01:22:50.057+07	2017-11-13 01:22:50.057+07	387	22	1	1	\N	\N
490	0	1609ec36-70e4-4584-abfa-705245c36572	page-388.png	\N	2017-11-13 01:22:53.006+07	2017-11-13 01:22:53.006+07	388	22	1	1	\N	\N
491	0	762ea99b-ca02-4132-896f-2cf9a279a752	page-389.png	\N	2017-11-13 01:22:56.057+07	2017-11-13 01:22:56.057+07	389	22	1	1	\N	\N
492	0	fdedf48a-e3b8-43ba-abf1-34b899e1747f	page-390.png	\N	2017-11-13 01:22:59.734+07	2017-11-13 01:22:59.734+07	390	22	1	1	\N	\N
493	0	be9027b5-2774-4f75-be39-831b5993f1d1	page-391.png	\N	2017-11-13 01:23:03.663+07	2017-11-13 01:23:03.663+07	391	22	1	1	\N	\N
494	0	15e6c83f-1e55-4077-b840-885b64bebc29	page-392.png	\N	2017-11-13 01:23:06.583+07	2017-11-13 01:23:06.583+07	392	22	1	1	\N	\N
495	0	b0a445bd-dc40-40c9-82ab-a9d324a451da	page-393.png	\N	2017-11-13 01:23:09.392+07	2017-11-13 01:23:09.392+07	393	22	1	1	\N	\N
496	0	a6399475-d57e-433e-80c9-4a181ca06747	page-394.png	\N	2017-11-13 01:23:12.171+07	2017-11-13 01:23:12.171+07	394	22	1	1	\N	\N
497	0	fcce33ac-e915-4699-83ef-09bacf81708a	page-395.png	\N	2017-11-13 01:23:15.068+07	2017-11-13 01:23:15.068+07	395	22	1	1	\N	\N
498	0	6d9d3d5d-9d9a-4173-a706-7f8f16433fd2	page-396.png	\N	2017-11-13 01:23:17.874+07	2017-11-13 01:23:17.874+07	396	22	1	1	\N	\N
499	0	ae33b11f-df9c-43a2-b07a-54d9c6d9915c	page-397.png	\N	2017-11-13 01:23:20.575+07	2017-11-13 01:23:20.575+07	397	22	1	1	\N	\N
500	0	bace624e-9e51-490d-8ad5-cb38f249f400	page-398.png	\N	2017-11-13 01:23:23.443+07	2017-11-13 01:23:23.443+07	398	22	1	1	\N	\N
501	0	ec740929-d051-4816-9bb3-5fd141fe8ab2	page-399.png	\N	2017-11-13 01:23:26.311+07	2017-11-13 01:23:26.311+07	399	22	1	1	\N	\N
502	0	c94d0341-78e4-4f2d-a906-a2239a39481d	page-400.png	\N	2017-11-13 01:23:29.164+07	2017-11-13 01:23:29.164+07	400	22	1	1	\N	\N
503	0	6071b9bd-b1ab-40a6-ba1d-d97af1e18cda	page-401.png	\N	2017-11-13 01:23:31.986+07	2017-11-13 01:23:31.986+07	401	22	1	1	\N	\N
504	0	2b96434b-4e94-448a-ba61-9262792f3e7f	page-402.png	\N	2017-11-13 01:23:34.952+07	2017-11-13 01:23:34.952+07	402	22	1	1	\N	\N
505	0	7ee8a26b-81b5-4e17-b9be-ae994b2e0d54	page-403.png	\N	2017-11-13 01:23:37.807+07	2017-11-13 01:23:37.807+07	403	22	1	1	\N	\N
506	0	61a85287-4f5c-412e-8706-7b84b0e98c0b	page-404.png	\N	2017-11-13 01:23:40.626+07	2017-11-13 01:23:40.626+07	404	22	1	1	\N	\N
507	0	0f8becf9-6082-42e6-bda2-75284d6d8deb	page-405.png	\N	2017-11-13 01:23:43.412+07	2017-11-13 01:23:43.412+07	405	22	1	1	\N	\N
508	0	15b23ea1-cc95-429d-b1f3-b6a0d442331b	page-406.png	\N	2017-11-13 01:23:46.217+07	2017-11-13 01:23:46.217+07	406	22	1	1	\N	\N
509	0	0e53aeba-37ce-47b4-b423-2c97e78ef6c2	page-407.png	\N	2017-11-13 01:23:48.993+07	2017-11-13 01:23:48.993+07	407	22	1	1	\N	\N
510	0	a58a788f-6200-4652-877f-bf70d9a513ae	page-408.png	\N	2017-11-13 01:23:51.709+07	2017-11-13 01:23:51.709+07	408	22	1	1	\N	\N
511	0	79eb93b2-f68d-4cf0-8e04-4926fc64b1b2	page-409.png	\N	2017-11-13 01:23:54.691+07	2017-11-13 01:23:54.691+07	409	22	1	1	\N	\N
512	0	adcb012d-4c27-4166-82d2-01b329a0f48e	page-410.png	\N	2017-11-13 01:23:57.602+07	2017-11-13 01:23:57.602+07	410	22	1	1	\N	\N
513	0	a1cde339-3c29-4cee-8514-675e71c7e554	page-411.png	\N	2017-11-13 01:24:00.378+07	2017-11-13 01:24:00.378+07	411	22	1	1	\N	\N
514	0	f2d33ed9-dce9-423e-b838-323057fa7d4f	page-412.png	\N	2017-11-13 01:24:03.121+07	2017-11-13 01:24:03.121+07	412	22	1	1	\N	\N
515	0	a9225973-6e19-4fe9-8eb9-af1762444393	page-413.png	\N	2017-11-13 01:24:05.855+07	2017-11-13 01:24:05.855+07	413	22	1	1	\N	\N
516	0	5a37115a-1828-425f-9861-6dd586b2f644	page-414.png	\N	2017-11-13 01:24:08.623+07	2017-11-13 01:24:08.623+07	414	22	1	1	\N	\N
517	0	da1a4d4a-86cf-4a14-a5a6-4c82e789ecf7	page-415.png	\N	2017-11-13 01:24:11.373+07	2017-11-13 01:24:11.373+07	415	22	1	1	\N	\N
518	0	002678ca-773f-4ae9-8f76-637f12c4f0e7	page-416.png	\N	2017-11-13 01:24:14.085+07	2017-11-13 01:24:14.085+07	416	22	1	1	\N	\N
519	0	e53c2377-2a8a-494c-a071-6f0b15601309	page-417.png	\N	2017-11-13 01:24:16.862+07	2017-11-13 01:24:16.862+07	417	22	1	1	\N	\N
520	0	4268d44b-2453-4598-9b4c-0157623bd25b	page-418.png	\N	2017-11-13 01:24:19.649+07	2017-11-13 01:24:19.649+07	418	22	1	1	\N	\N
521	0	3d109a34-d8d0-4fac-ac0a-6f3f33231ac3	page-419.png	\N	2017-11-13 01:24:22.568+07	2017-11-13 01:24:22.568+07	419	22	1	1	\N	\N
522	0	94852887-8820-4e54-8344-d34ae96e91cd	page-420.png	\N	2017-11-13 01:24:25.354+07	2017-11-13 01:24:25.354+07	420	22	1	1	\N	\N
523	0	fbac41a9-2857-4018-ad18-6af9ac6c106f	page-421.png	\N	2017-11-13 01:24:28.058+07	2017-11-13 01:24:28.058+07	421	22	1	1	\N	\N
524	0	bd1b31ef-f92e-4147-83a1-cd132cdfa275	page-422.png	\N	2017-11-13 01:24:31.025+07	2017-11-13 01:24:31.025+07	422	22	1	1	\N	\N
525	0	62d046b5-8776-422e-aa4a-4adc211d28f9	page-423.png	\N	2017-11-13 01:24:33.918+07	2017-11-13 01:24:33.918+07	423	22	1	1	\N	\N
526	0	191ced4a-fa21-472c-9935-ddf8802b1c52	page-424.png	\N	2017-11-13 01:24:36.664+07	2017-11-13 01:24:36.664+07	424	22	1	1	\N	\N
527	0	e6c5de82-b1ae-45ca-a004-eaa5cceaf55d	page-425.png	\N	2017-11-13 01:24:39.495+07	2017-11-13 01:24:39.495+07	425	22	1	1	\N	\N
528	0	3b6a7cbd-96be-4f16-adbb-deb599872e8d	page-426.png	\N	2017-11-13 01:24:42.258+07	2017-11-13 01:24:42.258+07	426	22	1	1	\N	\N
529	0	4ddb97f3-494d-4721-988d-d7a3dc04b418	page-427.png	\N	2017-11-13 01:24:45.003+07	2017-11-13 01:24:45.003+07	427	22	1	1	\N	\N
530	0	dd57751c-21f6-4ca6-8407-4b5956f18501	page-428.png	\N	2017-11-13 01:24:47.759+07	2017-11-13 01:24:47.759+07	428	22	1	1	\N	\N
531	0	afcf1965-e7bf-48a6-9911-a45b3c0c4210	page-429.png	\N	2017-11-13 01:24:50.626+07	2017-11-13 01:24:50.626+07	429	22	1	1	\N	\N
532	0	a5cb792e-780b-4c34-bfbb-c81a93a871fe	page-430.png	\N	2017-11-13 01:24:53.423+07	2017-11-13 01:24:53.423+07	430	22	1	1	\N	\N
533	0	989de8af-f184-4ade-b483-77d2b5d674cb	page-431.png	\N	2017-11-13 01:24:56.866+07	2017-11-13 01:24:56.866+07	431	22	1	1	\N	\N
534	0	d970629d-de74-4497-83e7-c363d5099cc4	page-432.png	\N	2017-11-13 01:24:59.633+07	2017-11-13 01:24:59.633+07	432	22	1	1	\N	\N
535	0	4ffaf7f4-9f36-45f7-be8d-3cfdcaa6cd4c	page-433.png	\N	2017-11-13 01:25:02.534+07	2017-11-13 01:25:02.534+07	433	22	1	1	\N	\N
536	0	54c561e1-4636-469a-9638-3eedf46f5aca	page-434.png	\N	2017-11-13 01:25:05.287+07	2017-11-13 01:25:05.287+07	434	22	1	1	\N	\N
537	0	ae723305-8224-4e34-9ad0-a69651764ea2	page-435.png	\N	2017-11-13 01:25:08.205+07	2017-11-13 01:25:08.205+07	435	22	1	1	\N	\N
538	0	2175d323-1517-46f7-a261-77386c62caff	page-436.png	\N	2017-11-13 01:25:11.096+07	2017-11-13 01:25:11.096+07	436	22	1	1	\N	\N
539	0	0eea8827-42b8-4343-a925-2a67007905e4	page-437.png	\N	2017-11-13 01:25:13.855+07	2017-11-13 01:25:13.855+07	437	22	1	1	\N	\N
540	0	daebff77-39ab-4a32-ba58-f9718fb8842c	page-438.png	\N	2017-11-13 01:25:16.662+07	2017-11-13 01:25:16.662+07	438	22	1	1	\N	\N
541	0	537e044d-0720-4898-85c5-60ce3f7f43b9	page-439.png	\N	2017-11-13 01:25:19.482+07	2017-11-13 01:25:19.482+07	439	22	1	1	\N	\N
542	0	768553d0-c061-4efe-af0b-5ff3e571fd89	page-440.png	\N	2017-11-13 01:25:22.237+07	2017-11-13 01:25:22.237+07	440	22	1	1	\N	\N
543	0	5bcc9e68-c730-4f05-a5b6-db4821b005d3	page-441.png	\N	2017-11-13 01:25:24.984+07	2017-11-13 01:25:24.984+07	441	22	1	1	\N	\N
544	0	82292005-6c63-4313-b04c-5b2b892c377e	page-442.png	\N	2017-11-13 01:25:27.729+07	2017-11-13 01:25:27.729+07	442	22	1	1	\N	\N
545	0	e4146110-555d-41fe-8d14-bf6059965dd2	page-443.png	\N	2017-11-13 01:25:30.475+07	2017-11-13 01:25:30.475+07	443	22	1	1	\N	\N
546	0	6bd4f97e-12d8-4deb-942c-e94525ff737e	page-444.png	\N	2017-11-13 01:25:33.371+07	2017-11-13 01:25:33.371+07	444	22	1	1	\N	\N
547	0	1b65029e-eb0d-48b2-b3a5-c3d632a34b14	page-445.png	\N	2017-11-13 01:25:36.239+07	2017-11-13 01:25:36.239+07	445	22	1	1	\N	\N
548	0	41cbe595-8d00-42d1-9f46-f6913297145f	page-446.png	\N	2017-11-13 01:25:39.035+07	2017-11-13 01:25:39.035+07	446	22	1	1	\N	\N
549	0	5e05613a-97db-48ef-b2d6-f91e74a5c065	page-447.png	\N	2017-11-13 01:25:41.843+07	2017-11-13 01:25:41.843+07	447	22	1	1	\N	\N
550	0	c301d8d3-efc1-4610-87dd-eee71b1774e9	page-448.png	\N	2017-11-13 01:25:44.629+07	2017-11-13 01:25:44.629+07	448	22	1	1	\N	\N
551	0	921c2430-c214-4088-8483-44de2fb3ab53	page-449.png	\N	2017-11-13 01:25:47.465+07	2017-11-13 01:25:47.465+07	449	22	1	1	\N	\N
552	0	1d153231-ddc7-4bab-bcac-95b33b95d39b	page-450.png	\N	2017-11-13 01:25:50.183+07	2017-11-13 01:25:50.183+07	450	22	1	1	\N	\N
553	0	0187e18a-2eb3-42b8-b1f1-a73ab4b39870	page-451.png	\N	2017-11-13 01:25:52.929+07	2017-11-13 01:25:52.929+07	451	22	1	1	\N	\N
554	0	292fe72b-cebe-48e8-9213-fb7998ca6431	page-452.png	\N	2017-11-13 01:25:55.651+07	2017-11-13 01:25:55.651+07	452	22	1	1	\N	\N
555	0	e7372e13-aa7e-427d-8044-a85a323d7381	page-453.png	\N	2017-11-13 01:25:58.461+07	2017-11-13 01:25:58.461+07	453	22	1	1	\N	\N
556	0	6e63fee0-511b-4517-838d-e68c08017160	page-454.png	\N	2017-11-13 01:26:01.308+07	2017-11-13 01:26:01.308+07	454	22	1	1	\N	\N
557	0	6bc09a1a-f819-4002-a8d8-a8aacff83272	page-455.png	\N	2017-11-13 01:26:04.143+07	2017-11-13 01:26:04.143+07	455	22	1	1	\N	\N
558	0	ffb901e9-bd36-40b3-a439-6a53fe4e1c93	page-456.png	\N	2017-11-13 01:26:06.884+07	2017-11-13 01:26:06.884+07	456	22	1	1	\N	\N
559	0	496aa9cf-aaa9-43a5-887c-4349b56b4407	page-457.png	\N	2017-11-13 01:26:09.686+07	2017-11-13 01:26:09.686+07	457	22	1	1	\N	\N
560	0	e15339de-214f-4e54-baef-a84b9a38e1e5	page-458.png	\N	2017-11-13 01:26:12.47+07	2017-11-13 01:26:12.47+07	458	22	1	1	\N	\N
561	0	2b648eab-f19b-42ae-852d-4848462f5bd5	page-459.png	\N	2017-11-13 01:26:15.282+07	2017-11-13 01:26:15.282+07	459	22	1	1	\N	\N
562	0	5757130a-9ec8-4509-9e4f-2d9131e3205f	page-460.png	\N	2017-11-13 01:26:18.106+07	2017-11-13 01:26:18.106+07	460	22	1	1	\N	\N
563	0	50c3c269-4d7a-463e-9fbd-866081de857b	page-461.png	\N	2017-11-13 01:26:20.877+07	2017-11-13 01:26:20.877+07	461	22	1	1	\N	\N
564	0	229ecf0c-b7f9-4748-a3e1-6536a840f340	page-462.png	\N	2017-11-13 01:26:23.629+07	2017-11-13 01:26:23.629+07	462	22	1	1	\N	\N
565	0	fc4d5d60-62ad-4cd2-90fb-8f606e6cac1d	page-463.png	\N	2017-11-13 01:26:26.416+07	2017-11-13 01:26:26.416+07	463	22	1	1	\N	\N
566	0	3e46680f-5de6-47fb-91a0-906d65340cbd	page-464.png	\N	2017-11-13 01:26:29.177+07	2017-11-13 01:26:29.177+07	464	22	1	1	\N	\N
567	0	19e2a5a7-0d3b-4b89-8e85-7062f036631b	page-465.png	\N	2017-11-13 01:26:31.94+07	2017-11-13 01:26:31.94+07	465	22	1	1	\N	\N
568	0	d46e6659-4f73-461e-809f-ea422ac47bc4	page-466.png	\N	2017-11-13 01:26:34.718+07	2017-11-13 01:26:34.718+07	466	22	1	1	\N	\N
569	0	6d102349-09c7-49dd-969a-04ccda0402ce	page-467.png	\N	2017-11-13 01:26:37.495+07	2017-11-13 01:26:37.495+07	467	22	1	1	\N	\N
570	0	b323becd-299e-429f-ac79-fd1a9652f0e1	page-468.png	\N	2017-11-13 01:26:40.297+07	2017-11-13 01:26:40.297+07	468	22	1	1	\N	\N
571	0	cc309b0b-bc16-4f32-8959-8e971fa8ce31	page-469.png	\N	2017-11-13 01:26:43.048+07	2017-11-13 01:26:43.048+07	469	22	1	1	\N	\N
572	0	32476ac5-ecdf-4dcf-9bf8-9a27754c5e44	page-470.png	\N	2017-11-13 01:26:45.774+07	2017-11-13 01:26:45.774+07	470	22	1	1	\N	\N
573	0	4965932a-fe8b-4291-ba33-1cf879070739	page-471.png	\N	2017-11-13 01:26:48.443+07	2017-11-13 01:26:48.443+07	471	22	1	1	\N	\N
574	0	1803bcf4-6c37-4e7d-b3c3-9c68e89ec8a8	page-472.png	\N	2017-11-13 01:26:51.247+07	2017-11-13 01:26:51.247+07	472	22	1	1	\N	\N
575	0	a303984b-00a2-400e-8ed0-e7d6e54582f7	page-473.png	\N	2017-11-13 01:26:53.976+07	2017-11-13 01:26:53.976+07	473	22	1	1	\N	\N
576	0	3e38441f-8da5-4e33-a49d-f8cf6a204aa9	page-474.png	\N	2017-11-13 01:26:56.7+07	2017-11-13 01:26:56.7+07	474	22	1	1	\N	\N
577	0	7c782698-e851-4a41-bb29-aaee20cbd213	page-475.png	\N	2017-11-13 01:26:59.646+07	2017-11-13 01:26:59.646+07	475	22	1	1	\N	\N
578	0	85c37326-75b2-4fb7-b73a-91cf132c25ec	page-476.png	\N	2017-11-13 01:27:02.412+07	2017-11-13 01:27:02.412+07	476	22	1	1	\N	\N
579	0	4aa97b92-c628-45f4-a1de-12487f5e756b	page-477.png	\N	2017-11-13 01:27:05.318+07	2017-11-13 01:27:05.318+07	477	22	1	1	\N	\N
580	0	8eb44aff-27fe-4725-9432-f0dccc9dae58	page-478.png	\N	2017-11-13 01:27:08.206+07	2017-11-13 01:27:08.206+07	478	22	1	1	\N	\N
581	0	83d02665-9d60-4d64-9c7f-17af9d551c62	page-479.png	\N	2017-11-13 01:27:11.007+07	2017-11-13 01:27:11.007+07	479	22	1	1	\N	\N
582	0	648b2c2d-d03e-423f-8e6b-9fcb4cb87abe	page-480.png	\N	2017-11-13 01:27:13.897+07	2017-11-13 01:27:13.897+07	480	22	1	1	\N	\N
583	0	ec302ab7-211b-4ccb-b463-d34fcaae2c61	page-481.png	\N	2017-11-13 01:27:16.815+07	2017-11-13 01:27:16.815+07	481	22	1	1	\N	\N
584	0	ab116e6f-897c-4dc2-8a01-d3e2299f6a4b	page-482.png	\N	2017-11-13 01:27:19.623+07	2017-11-13 01:27:19.623+07	482	22	1	1	\N	\N
585	0	ba5d0703-49fe-48d4-bb98-6ee20d9df7d7	page-483.png	\N	2017-11-13 01:27:22.442+07	2017-11-13 01:27:22.442+07	483	22	1	1	\N	\N
586	0	8534a950-d098-4547-927d-28875218b555	page-484.png	\N	2017-11-13 01:27:25.204+07	2017-11-13 01:27:25.204+07	484	22	1	1	\N	\N
587	0	7199398a-de12-441c-920d-13163ece86fb	page-485.png	\N	2017-11-13 01:27:27.938+07	2017-11-13 01:27:27.938+07	485	22	1	1	\N	\N
588	0	72a04c98-77a6-44ff-b8ac-cbc57c461d44	page-486.png	\N	2017-11-13 01:27:30.721+07	2017-11-13 01:27:30.721+07	486	22	1	1	\N	\N
589	0	355789b2-9c4f-46ff-9157-258bd2652bf7	page-487.png	\N	2017-11-13 01:27:33.622+07	2017-11-13 01:27:33.622+07	487	22	1	1	\N	\N
590	0	d9249dc7-fb8c-4f6e-9d47-73a2f6d60772	page-488.png	\N	2017-11-13 01:27:36.389+07	2017-11-13 01:27:36.389+07	488	22	1	1	\N	\N
591	0	a5ae2776-299a-480d-9906-72fa50b90836	page-489.png	\N	2017-11-13 01:27:39.191+07	2017-11-13 01:27:39.191+07	489	22	1	1	\N	\N
592	0	34789938-2405-4112-b25b-10aff96e105b	page-490.png	\N	2017-11-13 01:27:41.934+07	2017-11-13 01:27:41.934+07	490	22	1	1	\N	\N
593	0	25b94ddd-2a04-4e93-8501-9d7ee4bc192e	page-491.png	\N	2017-11-13 01:27:44.738+07	2017-11-13 01:27:44.738+07	491	22	1	1	\N	\N
594	0	95470308-5733-4f84-9ea7-8fd7212abd17	page-492.png	\N	2017-11-13 01:27:47.537+07	2017-11-13 01:27:47.537+07	492	22	1	1	\N	\N
595	0	e3372a1c-b93f-45f7-af8f-e84050f16771	page-493.png	\N	2017-11-13 01:27:50.3+07	2017-11-13 01:27:50.3+07	493	22	1	1	\N	\N
596	0	19391e6d-6d30-4a8b-aebc-27820468313b	page-494.png	\N	2017-11-13 01:27:53.23+07	2017-11-13 01:27:53.23+07	494	22	1	1	\N	\N
597	0	b27b81cf-b3d9-44c8-82e8-be9cd1df3ae1	page-495.png	\N	2017-11-13 01:27:56.019+07	2017-11-13 01:27:56.019+07	495	22	1	1	\N	\N
598	0	ade00e8e-80d9-4d63-b7cf-a018dd163635	page-496.png	\N	2017-11-13 01:27:58.948+07	2017-11-13 01:27:58.948+07	496	22	1	1	\N	\N
599	0	19d1d418-e43f-4fbf-8f36-23f0071a2ddd	page-497.png	\N	2017-11-13 01:28:01.838+07	2017-11-13 01:28:01.838+07	497	22	1	1	\N	\N
600	0	c1a61f6b-3848-4091-b541-8b8c12a9e509	page-498.png	\N	2017-11-13 01:28:04.762+07	2017-11-13 01:28:04.762+07	498	22	1	1	\N	\N
601	0	7a6f56cb-7ffc-4b2f-a09a-2b901bae9346	page-499.png	\N	2017-11-13 01:28:07.529+07	2017-11-13 01:28:07.529+07	499	22	1	1	\N	\N
602	0	30e79ce5-577c-4bdc-853b-96051f1fa197	page-500.png	\N	2017-11-13 01:28:10.432+07	2017-11-13 01:28:10.432+07	500	22	1	1	\N	\N
603	0	22762604-3e9f-4889-912c-af832dc2fcfe	page-501.png	\N	2017-11-13 01:28:13.128+07	2017-11-13 01:28:13.128+07	501	22	1	1	\N	\N
604	0	1cc7c21f-32c3-4dc9-86a8-9d41dfbb4016	page-502.png	\N	2017-11-13 01:28:15.85+07	2017-11-13 01:28:15.85+07	502	22	1	1	\N	\N
605	0	e47e0d0e-f522-4522-823f-8c52d84968a1	page-503.png	\N	2017-11-13 01:28:18.683+07	2017-11-13 01:28:18.683+07	503	22	1	1	\N	\N
606	0	01bde4cf-27d2-4450-8350-f77d90a9b496	page-504.png	\N	2017-11-13 01:28:21.442+07	2017-11-13 01:28:21.442+07	504	22	1	1	\N	\N
607	0	14de7324-4f9b-4427-aaae-2ee8936485bc	page-505.png	\N	2017-11-13 01:28:24.321+07	2017-11-13 01:28:24.321+07	505	22	1	1	\N	\N
608	0	11497a8a-e518-41ea-969c-5284052c66a1	page-506.png	\N	2017-11-13 01:28:27.116+07	2017-11-13 01:28:27.116+07	506	22	1	1	\N	\N
609	0	62f91b5a-367c-4226-b81e-a5adc17d9324	page-507.png	\N	2017-11-13 01:28:29.95+07	2017-11-13 01:28:29.95+07	507	22	1	1	\N	\N
610	0	3d03626f-b38a-4503-8992-cee6811af180	page-508.png	\N	2017-11-13 01:28:32.875+07	2017-11-13 01:28:32.875+07	508	22	1	1	\N	\N
611	0	fb3c20dd-7268-4263-a0e8-3a6490a3a94b	page-509.png	\N	2017-11-13 01:28:35.599+07	2017-11-13 01:28:35.599+07	509	22	1	1	\N	\N
612	0	4a571b8a-49ce-41e0-b332-89613e4d05fb	page-510.png	\N	2017-11-13 01:28:38.51+07	2017-11-13 01:28:38.51+07	510	22	1	1	\N	\N
613	0	cd2617fd-75cf-4569-8ee0-87fada137e95	page-511.png	\N	2017-11-13 01:28:41.308+07	2017-11-13 01:28:41.308+07	511	22	1	1	\N	\N
614	0	19e4152f-96a0-4643-9945-19072ba36b06	page-512.png	\N	2017-11-13 01:28:44.209+07	2017-11-13 01:28:44.209+07	512	22	1	1	\N	\N
615	0	a8e9b9ed-06cb-4792-8aea-1c89887ecca0	page-513.png	\N	2017-11-13 01:28:47.167+07	2017-11-13 01:28:47.167+07	513	22	1	1	\N	\N
616	0	c661e7f4-15b8-4d0f-93ae-7e41283b4966	page-514.png	\N	2017-11-13 01:28:49.893+07	2017-11-13 01:28:49.893+07	514	22	1	1	\N	\N
617	0	33fcecb1-de41-4d91-b3e5-0f7c2d154bea	page-515.png	\N	2017-11-13 01:28:52.715+07	2017-11-13 01:28:52.715+07	515	22	1	1	\N	\N
618	0	c3606935-972d-464d-9259-9695901c3ff3	page-516.png	\N	2017-11-13 01:28:55.519+07	2017-11-13 01:28:55.519+07	516	22	1	1	\N	\N
619	0	1dcbb352-b370-487b-837c-7ffb8973d729	page-517.png	\N	2017-11-13 01:28:58.384+07	2017-11-13 01:28:58.384+07	517	22	1	1	\N	\N
620	0	faff278e-7b3a-49d1-9790-5cb6bc56282f	page-518.png	\N	2017-11-13 01:29:01.05+07	2017-11-13 01:29:01.05+07	518	22	1	1	\N	\N
621	0	2620b67a-720f-4ff5-bb83-e1cb4eb04ec7	page-519.png	\N	2017-11-13 01:29:03.875+07	2017-11-13 01:29:03.875+07	519	22	1	1	\N	\N
622	0	0f4dc98e-9cc1-4bdb-9b9e-78fbc1e58b96	page-520.png	\N	2017-11-13 01:29:06.629+07	2017-11-13 01:29:06.629+07	520	22	1	1	\N	\N
623	0	91cd5587-f59f-4af7-8ec8-bac55981066e	page-521.png	\N	2017-11-13 01:29:09.379+07	2017-11-13 01:29:09.379+07	521	22	1	1	\N	\N
624	0	bc10381d-169e-4e6c-a50b-5b5b8d291a89	page-522.png	\N	2017-11-13 01:29:12.119+07	2017-11-13 01:29:12.119+07	522	22	1	1	\N	\N
625	0	cfbdea80-8b41-4247-8074-4d399775eb6e	page-523.png	\N	2017-11-13 01:29:14.925+07	2017-11-13 01:29:14.925+07	523	22	1	1	\N	\N
626	0	e46b86bf-b7ec-47eb-b897-498f918b2653	page-524.png	\N	2017-11-13 01:29:17.737+07	2017-11-13 01:29:17.737+07	524	22	1	1	\N	\N
627	0	310d1dd1-4de8-43ea-b243-eb15025471f6	page-525.png	\N	2017-11-13 01:29:20.514+07	2017-11-13 01:29:20.514+07	525	22	1	1	\N	\N
628	0	ca03d4c0-dc45-4a12-bfe6-f2098b8c66a4	page-526.png	\N	2017-11-13 01:29:23.273+07	2017-11-13 01:29:23.273+07	526	22	1	1	\N	\N
629	0	8f1d8c5d-b0f0-42ce-a687-0953c73a1c93	page-527.png	\N	2017-11-13 01:29:26.197+07	2017-11-13 01:29:26.197+07	527	22	1	1	\N	\N
630	0	688dccf4-260c-4bf9-828d-5271588f7fb6	page-528.png	\N	2017-11-13 01:29:29.023+07	2017-11-13 01:29:29.023+07	528	22	1	1	\N	\N
631	0	ebad8fe2-e161-4f7e-a132-c61856f828ed	page-529.png	\N	2017-11-13 01:29:31.895+07	2017-11-13 01:29:31.895+07	529	22	1	1	\N	\N
632	0	e021473b-21cb-4a49-b89f-db96b2c044bd	page-530.png	\N	2017-11-13 01:29:34.822+07	2017-11-13 01:29:34.822+07	530	22	1	1	\N	\N
633	0	620fed1d-70b7-4f7b-b05b-2c0f10d54e03	page-531.png	\N	2017-11-13 01:29:37.529+07	2017-11-13 01:29:37.529+07	531	22	1	1	\N	\N
634	0	2db382b2-7818-4930-8420-0887ed8bd7cb	page-532.png	\N	2017-11-13 01:29:40.479+07	2017-11-13 01:29:40.479+07	532	22	1	1	\N	\N
635	0	8afb2ebd-c4a9-4a67-a052-a868acefa738	page-533.png	\N	2017-11-13 01:29:43.216+07	2017-11-13 01:29:43.216+07	533	22	1	1	\N	\N
636	0	2cfeb77d-94b3-4531-975c-70b9419a64be	page-534.png	\N	2017-11-13 01:29:45.919+07	2017-11-13 01:29:45.919+07	534	22	1	1	\N	\N
637	0	8c49d989-71ad-4206-b97c-d562c46e091a	page-535.png	\N	2017-11-13 01:29:48.737+07	2017-11-13 01:29:48.737+07	535	22	1	1	\N	\N
638	0	c5208866-2a9b-47ba-be69-e82c70a2d986	page-536.png	\N	2017-11-13 01:29:51.49+07	2017-11-13 01:29:51.49+07	536	22	1	1	\N	\N
639	0	f95e7be5-52b4-4d41-88e8-ff9e9b39d6c5	page-537.png	\N	2017-11-13 01:29:54.292+07	2017-11-13 01:29:54.292+07	537	22	1	1	\N	\N
640	0	c1266b3e-4ef6-4cbd-9600-bb7e68688386	page-538.png	\N	2017-11-13 01:29:57.205+07	2017-11-13 01:29:57.205+07	538	22	1	1	\N	\N
641	0	60d9424d-4643-4344-af40-32ec519b2dc7	page-539.png	\N	2017-11-13 01:30:00.605+07	2017-11-13 01:30:00.605+07	539	22	1	1	\N	\N
642	0	fe45e493-f05c-4939-9f8b-5864a0297193	page-540.png	\N	2017-11-13 01:30:03.763+07	2017-11-13 01:30:03.763+07	540	22	1	1	\N	\N
643	0	669ebd94-cc01-45bb-8337-0d2523d95d4e	page-541.png	\N	2017-11-13 01:30:07.493+07	2017-11-13 01:30:07.493+07	541	22	1	1	\N	\N
644	0	53d967a6-8139-4ace-8f96-5cd653751dfc	page-542.png	\N	2017-11-13 01:30:11.291+07	2017-11-13 01:30:11.291+07	542	22	1	1	\N	\N
645	0	49418c75-84e0-4a55-92cc-590e2b99ddb3	page-543.png	\N	2017-11-13 01:30:14.67+07	2017-11-13 01:30:14.67+07	543	22	1	1	\N	\N
646	0	2a1879c5-bba7-470c-96a4-2f041b64e5f3	page-544.png	\N	2017-11-13 01:30:17.779+07	2017-11-13 01:30:17.779+07	544	22	1	1	\N	\N
647	0	dc9c9b75-1567-401f-b938-49b7385b612d	page-545.png	\N	2017-11-13 01:30:20.922+07	2017-11-13 01:30:20.922+07	545	22	1	1	\N	\N
648	0	6bc5a486-4f03-4f97-94f8-df05363efa5a	page-546.png	\N	2017-11-13 01:30:23.969+07	2017-11-13 01:30:23.969+07	546	22	1	1	\N	\N
649	0	ecda0f70-d992-4599-b642-322954959ecd	page-547.png	\N	2017-11-13 01:30:26.898+07	2017-11-13 01:30:26.898+07	547	22	1	1	\N	\N
650	0	06ef88c1-5143-4fff-b70a-a69550bda144	page-548.png	\N	2017-11-13 01:30:30.026+07	2017-11-13 01:30:30.026+07	548	22	1	1	\N	\N
651	0	380873b0-2a02-42a9-8f66-67ea2e11b308	page-549.png	\N	2017-11-13 01:30:33.409+07	2017-11-13 01:30:33.409+07	549	22	1	1	\N	\N
652	0	68f64c38-8e03-4169-941c-b46b902725e1	page-550.png	\N	2017-11-13 01:30:36.605+07	2017-11-13 01:30:36.605+07	550	22	1	1	\N	\N
653	0	8c48b2aa-2094-4b42-9965-6bb6f58e2618	page-551.png	\N	2017-11-13 01:30:39.324+07	2017-11-13 01:30:39.324+07	551	22	1	1	\N	\N
654	0	afc3a27c-2672-4617-9faa-8d378cf8e5a2	page-552.png	\N	2017-11-13 01:30:42.095+07	2017-11-13 01:30:42.095+07	552	22	1	1	\N	\N
655	0	a9c0a76f-0425-41a0-b4d7-1c167e20b398	page-553.png	\N	2017-11-13 01:30:44.838+07	2017-11-13 01:30:44.838+07	553	22	1	1	\N	\N
656	0	882a70e0-fe6c-4477-8d04-2d96d3843c55	page-554.png	\N	2017-11-13 01:30:47.593+07	2017-11-13 01:30:47.593+07	554	22	1	1	\N	\N
657	0	1c621002-3d4a-4a62-a751-71d6aa0b76f8	page-555.png	\N	2017-11-13 01:30:50.86+07	2017-11-13 01:30:50.86+07	555	22	1	1	\N	\N
658	0	2f04ff8a-75cb-4ac0-afd8-6b29ade57150	page-556.png	\N	2017-11-13 01:30:53.984+07	2017-11-13 01:30:53.984+07	556	22	1	1	\N	\N
659	0	9e2fa36d-16ef-470e-8158-ae91d25344f9	page-557.png	\N	2017-11-13 01:30:56.784+07	2017-11-13 01:30:56.784+07	557	22	1	1	\N	\N
660	0	1da4d22d-ff4a-4b92-ba01-1b84b9a49bd9	page-558.png	\N	2017-11-13 01:30:59.563+07	2017-11-13 01:30:59.563+07	558	22	1	1	\N	\N
661	0	25eea9e0-e423-468c-a4d9-2137113e8f93	page-559.png	\N	2017-11-13 01:31:02.804+07	2017-11-13 01:31:02.804+07	559	22	1	1	\N	\N
662	0	3e583972-e7d6-4259-aeb6-ebfd0eea17ea	page-560.png	\N	2017-11-13 01:31:05.855+07	2017-11-13 01:31:05.855+07	560	22	1	1	\N	\N
663	0	4454e926-c8cd-4bb5-9629-10ffb92b85ad	page-561.png	\N	2017-11-13 01:31:08.827+07	2017-11-13 01:31:08.827+07	561	22	1	1	\N	\N
664	0	82622392-cce7-42c9-8eb4-5d590d4e953d	page-562.png	\N	2017-11-13 01:31:11.848+07	2017-11-13 01:31:11.848+07	562	22	1	1	\N	\N
665	0	57c95d29-7ab3-4ec8-b5ee-1531b997ed9a	page-563.png	\N	2017-11-13 01:31:14.874+07	2017-11-13 01:31:14.874+07	563	22	1	1	\N	\N
666	0	8ddec3bf-e33c-44a3-82b4-0e1b9c7550f2	page-564.png	\N	2017-11-13 01:31:17.597+07	2017-11-13 01:31:17.597+07	564	22	1	1	\N	\N
667	0	da713c61-f174-4760-8f96-e2fe39bec828	page-565.png	\N	2017-11-13 01:31:20.771+07	2017-11-13 01:31:20.771+07	565	22	1	1	\N	\N
668	0	52b1d41c-bebe-42a0-9df9-97169393268a	page-566.png	\N	2017-11-13 01:31:23.838+07	2017-11-13 01:31:23.838+07	566	22	1	1	\N	\N
669	0	d1d7ab1c-b971-42d6-bf56-d31dff0386bf	page-567.png	\N	2017-11-13 01:31:26.751+07	2017-11-13 01:31:26.751+07	567	22	1	1	\N	\N
670	0	c409791b-0ed9-45fd-b463-195434f2a647	page-568.png	\N	2017-11-13 01:31:29.571+07	2017-11-13 01:31:29.571+07	568	22	1	1	\N	\N
671	0	be031af0-c659-484b-851c-87cac77a1bdd	page-569.png	\N	2017-11-13 01:31:32.39+07	2017-11-13 01:31:32.39+07	569	22	1	1	\N	\N
672	0	476a2071-b134-43d6-88e6-4481bc073d16	page-570.png	\N	2017-11-13 01:31:35.116+07	2017-11-13 01:31:35.116+07	570	22	1	1	\N	\N
673	0	dab284ed-f180-4701-94e1-f857f9aeac49	page-571.png	\N	2017-11-13 01:31:38.421+07	2017-11-13 01:31:38.421+07	571	22	1	1	\N	\N
674	0	a2def2b3-1fb5-477f-b38a-b99cb950469f	page-572.png	\N	2017-11-13 01:31:41.426+07	2017-11-13 01:31:41.426+07	572	22	1	1	\N	\N
675	0	f1d00b95-f604-4eda-99f0-0d7a60b239ea	page-573.png	\N	2017-11-13 01:31:44.409+07	2017-11-13 01:31:44.409+07	573	22	1	1	\N	\N
676	0	9b3745a5-41c8-4e55-9afc-001714d384b5	page-574.png	\N	2017-11-13 01:31:47.337+07	2017-11-13 01:31:47.337+07	574	22	1	1	\N	\N
677	0	bee71ba3-b833-4a21-ac2d-c8fee7bc4e60	page-575.png	\N	2017-11-13 01:31:50.492+07	2017-11-13 01:31:50.492+07	575	22	1	1	\N	\N
678	0	14194778-61e4-4c83-8d37-a28d910c2c9a	page-576.png	\N	2017-11-13 01:31:53.581+07	2017-11-13 01:31:53.581+07	576	22	1	1	\N	\N
679	0	c2b1db4d-65e0-4117-b56d-bf14e05e4478	page-577.png	\N	2017-11-13 01:31:56.587+07	2017-11-13 01:31:56.587+07	577	22	1	1	\N	\N
680	0	fa002ddc-bf09-4ddb-b31c-3288c68f9b0c	page-578.png	\N	2017-11-13 01:31:59.516+07	2017-11-13 01:31:59.516+07	578	22	1	1	\N	\N
681	0	5715dc04-1170-48ef-b66f-acd7c9a94eb4	page-579.png	\N	2017-11-13 01:32:02.577+07	2017-11-13 01:32:02.577+07	579	22	1	1	\N	\N
682	0	0be3385e-c478-47d3-93e7-b6a869ee4e27	page-580.png	\N	2017-11-13 01:32:05.515+07	2017-11-13 01:32:05.515+07	580	22	1	1	\N	\N
683	0	3510f43b-9863-4d78-acf8-e219baddc05d	page-581.png	\N	2017-11-13 01:32:08.613+07	2017-11-13 01:32:08.613+07	581	22	1	1	\N	\N
684	0	040dd73d-5619-432d-aab4-f6ea2f43f131	page-582.png	\N	2017-11-13 01:32:11.581+07	2017-11-13 01:32:11.581+07	582	22	1	1	\N	\N
685	0	de7bbd11-ec83-40f3-8e98-a895bdb95c77	page-583.png	\N	2017-11-13 01:32:14.636+07	2017-11-13 01:32:14.636+07	583	22	1	1	\N	\N
686	0	d1ef1da6-ef51-4dbe-84c6-8f292bb4d9b0	page-584.png	\N	2017-11-13 01:32:17.614+07	2017-11-13 01:32:17.614+07	584	22	1	1	\N	\N
687	0	b55abfe4-5d1e-49a0-9f57-18b50b3a8df8	page-585.png	\N	2017-11-13 01:32:20.707+07	2017-11-13 01:32:20.707+07	585	22	1	1	\N	\N
688	0	4650a5c0-45d7-41b0-b4c4-e5936a880423	page-586.png	\N	2017-11-13 01:32:23.648+07	2017-11-13 01:32:23.648+07	586	22	1	1	\N	\N
689	0	d1c3d423-3798-43bc-af89-91ddb2ce73f3	page-587.png	\N	2017-11-13 01:32:26.727+07	2017-11-13 01:32:26.727+07	587	22	1	1	\N	\N
690	0	acc5343b-ebd1-4577-8510-626028cbed7e	page-588.png	\N	2017-11-13 01:32:29.632+07	2017-11-13 01:32:29.632+07	588	22	1	1	\N	\N
691	0	97667078-a96f-44f2-89a1-dcea864381b3	page-589.png	\N	2017-11-13 01:32:32.913+07	2017-11-13 01:32:32.913+07	589	22	1	1	\N	\N
692	0	e463f0bb-9ae4-4bd4-a860-ddef48c398fc	page-590.png	\N	2017-11-13 01:32:35.764+07	2017-11-13 01:32:35.764+07	590	22	1	1	\N	\N
693	0	0c192821-c6fd-4742-bd5f-563495600f3d	page-591.png	\N	2017-11-13 01:32:38.462+07	2017-11-13 01:32:38.462+07	591	22	1	1	\N	\N
694	0	a925682f-098f-4b37-9930-cce80e718062	page-592.png	\N	2017-11-13 01:32:41.281+07	2017-11-13 01:32:41.281+07	592	22	1	1	\N	\N
695	0	c5c46667-f719-4986-ba9e-fed4896c391c	page-593.png	\N	2017-11-13 01:32:44.197+07	2017-11-13 01:32:44.197+07	593	22	1	1	\N	\N
696	0	b7d9604a-d6a8-40c4-bf0b-fcb19b02e4eb	page-594.png	\N	2017-11-13 01:32:47.304+07	2017-11-13 01:32:47.304+07	594	22	1	1	\N	\N
697	0	85727379-d13f-422d-a163-18eb03296f78	page-595.png	\N	2017-11-13 01:32:50.195+07	2017-11-13 01:32:50.195+07	595	22	1	1	\N	\N
698	0	28de417d-9a10-438c-9ee4-70e41ff89455	page-596.png	\N	2017-11-13 01:32:53.577+07	2017-11-13 01:32:53.577+07	596	22	1	1	\N	\N
699	0	8198840a-3e64-4b6d-8390-d0bc18995dfd	page-597.png	\N	2017-11-13 01:32:56.861+07	2017-11-13 01:32:56.861+07	597	22	1	1	\N	\N
700	0	b7b8da04-4c83-4e1f-9f95-1cf27b085f63	page-598.png	\N	2017-11-13 01:32:59.558+07	2017-11-13 01:32:59.558+07	598	22	1	1	\N	\N
701	0	d7ba5bee-bb5f-46cd-a59b-369b4367213f	page-599.png	\N	2017-11-13 01:33:02.389+07	2017-11-13 01:33:02.389+07	599	22	1	1	\N	\N
702	0	2ed47df0-5c73-4873-8389-b2587568920a	page-600.png	\N	2017-11-13 01:33:05.157+07	2017-11-13 01:33:05.157+07	600	22	1	1	\N	\N
703	0	1b5c7038-9b5e-4cdd-8399-5e0ebc0154d3	page-601.png	\N	2017-11-13 01:33:07.945+07	2017-11-13 01:33:07.945+07	601	22	1	1	\N	\N
704	0	b61cc707-1cdb-4d97-969a-ffc921701daf	page-602.png	\N	2017-11-13 01:33:10.696+07	2017-11-13 01:33:10.696+07	602	22	1	1	\N	\N
705	0	e23bee02-a7e9-43ff-9652-ab78f18e7bc0	page-603.png	\N	2017-11-13 01:33:13.469+07	2017-11-13 01:33:13.469+07	603	22	1	1	\N	\N
706	0	a8d3e49d-93d4-413d-bebd-38937e5a8029	page-604.png	\N	2017-11-13 01:33:16.219+07	2017-11-13 01:33:16.219+07	604	22	1	1	\N	\N
707	0	364393ce-c8a8-42f0-8763-017dc06c473a	page-605.png	\N	2017-11-13 01:33:18.972+07	2017-11-13 01:33:18.972+07	605	22	1	1	\N	\N
708	0	75919da3-73ae-414f-870b-d9ae7283e35f	page-606.png	\N	2017-11-13 01:33:21.712+07	2017-11-13 01:33:21.712+07	606	22	1	1	\N	\N
709	0	ccaa55ab-5dc2-4538-91b8-77d4ba4a71d0	page-607.png	\N	2017-11-13 01:33:24.559+07	2017-11-13 01:33:24.559+07	607	22	1	1	\N	\N
710	0	a75e3188-dfb2-4839-8536-e78c3c037df3	page-608.png	\N	2017-11-13 01:33:27.331+07	2017-11-13 01:33:27.331+07	608	22	1	1	\N	\N
711	0	a8846a1a-bb88-45a3-a2d4-e8b3eb9c28d5	page-609.png	\N	2017-11-13 01:33:30.098+07	2017-11-13 01:33:30.098+07	609	22	1	1	\N	\N
712	0	383dfee0-7a59-45a0-916f-712dee875695	page-610.png	\N	2017-11-13 01:33:33.037+07	2017-11-13 01:33:33.037+07	610	22	1	1	\N	\N
713	0	a46f5af2-a2c1-47b8-bfff-ff93d628399a	page-611.png	\N	2017-11-13 01:33:35.864+07	2017-11-13 01:33:35.864+07	611	22	1	1	\N	\N
714	0	02db9190-523b-41bb-b0a0-b0855e2ebf95	page-612.png	\N	2017-11-13 01:33:38.63+07	2017-11-13 01:33:38.63+07	612	22	1	1	\N	\N
715	0	b956ac1f-c7bc-4ed1-8e70-a41af0b523f3	page-613.png	\N	2017-11-13 01:33:41.415+07	2017-11-13 01:33:41.415+07	613	22	1	1	\N	\N
716	0	f26e1839-93fd-4957-a69e-1996c70a1557	page-614.png	\N	2017-11-13 01:33:44.226+07	2017-11-13 01:33:44.226+07	614	22	1	1	\N	\N
717	0	67e0f341-aba9-428b-b792-14b5da7b8116	page-615.png	\N	2017-11-13 01:33:46.959+07	2017-11-13 01:33:46.959+07	615	22	1	1	\N	\N
718	0	dcd73fea-36fa-4d2c-8d22-a56433be5e27	page-616.png	\N	2017-11-13 01:33:49.658+07	2017-11-13 01:33:49.658+07	616	22	1	1	\N	\N
719	0	9c53cd91-558f-422d-a2a7-644c5746173c	page-617.png	\N	2017-11-13 01:33:52.523+07	2017-11-13 01:33:52.523+07	617	22	1	1	\N	\N
720	0	63412f5f-025b-49ea-9429-74b8cf001c9c	page-618.png	\N	2017-11-13 01:33:55.28+07	2017-11-13 01:33:55.28+07	618	22	1	1	\N	\N
721	0	88b132b6-3794-48e9-9c0d-3060d303de1b	page-619.png	\N	2017-11-13 01:33:58.094+07	2017-11-13 01:33:58.094+07	619	22	1	1	\N	\N
722	0	f6340ab4-94c5-4ab2-8a7f-bf2e9991b244	page-620.png	\N	2017-11-13 01:34:00.861+07	2017-11-13 01:34:00.861+07	620	22	1	1	\N	\N
723	0	3ccb6743-04c4-4388-80ec-9f3f0d7bfc51	page-621.png	\N	2017-11-13 01:34:03.66+07	2017-11-13 01:34:03.66+07	621	22	1	1	\N	\N
724	0	cee8c610-77fb-4c45-b26c-2bafb15e0172	page-622.png	\N	2017-11-13 01:34:06.434+07	2017-11-13 01:34:06.434+07	622	22	1	1	\N	\N
725	0	cad0ab6d-3359-4d7b-ad39-f67642ea7c5a	page-623.png	\N	2017-11-13 01:34:09.333+07	2017-11-13 01:34:09.333+07	623	22	1	1	\N	\N
726	0	ce900bbb-6d4d-4f15-af4e-da0524b17b3b	page-624.png	\N	2017-11-13 01:34:12.138+07	2017-11-13 01:34:12.138+07	624	22	1	1	\N	\N
727	0	a03cdb3c-9cb6-4fb7-b352-9b452585306a	page-625.png	\N	2017-11-13 01:34:14.962+07	2017-11-13 01:34:14.962+07	625	22	1	1	\N	\N
728	0	0ef4b8a3-37e8-450e-8d87-8582a4a4e77c	page-626.png	\N	2017-11-13 01:34:17.752+07	2017-11-13 01:34:17.752+07	626	22	1	1	\N	\N
729	0	3d9ff9db-880e-44a4-b41a-f56391369534	page-627.png	\N	2017-11-13 01:34:20.49+07	2017-11-13 01:34:20.49+07	627	22	1	1	\N	\N
730	0	35022172-db8b-4e60-9a7c-191a09fa646e	page-628.png	\N	2017-11-13 01:34:23.351+07	2017-11-13 01:34:23.351+07	628	22	1	1	\N	\N
731	0	bb160b25-cec5-444a-b2bc-b84a90638d4c	page-629.png	\N	2017-11-13 01:34:26.167+07	2017-11-13 01:34:26.167+07	629	22	1	1	\N	\N
732	0	ddfbe732-4090-4106-a88a-bcb61219a885	page-630.png	\N	2017-11-13 01:34:28.84+07	2017-11-13 01:34:28.84+07	630	22	1	1	\N	\N
733	0	0eeb0955-a052-4a1c-a0ab-779db2a7f964	page-631.png	\N	2017-11-13 01:34:31.53+07	2017-11-13 01:34:31.53+07	631	22	1	1	\N	\N
734	0	d6c5e548-b4ca-4327-bd32-9f7eeada2e88	page-632.png	\N	2017-11-13 01:34:34.414+07	2017-11-13 01:34:34.414+07	632	22	1	1	\N	\N
735	0	0ba2317c-00f6-4c9f-a5c0-09137a5a6920	page-633.png	\N	2017-11-13 01:34:37.185+07	2017-11-13 01:34:37.185+07	633	22	1	1	\N	\N
736	0	3e6d3ade-c49a-4695-925a-00697e153e97	page-634.png	\N	2017-11-13 01:34:39.951+07	2017-11-13 01:34:39.951+07	634	22	1	1	\N	\N
737	0	17c61a2a-b34f-4bd8-96ce-3ca042629a62	page-635.png	\N	2017-11-13 01:34:42.709+07	2017-11-13 01:34:42.709+07	635	22	1	1	\N	\N
738	0	0b94acdf-5a91-4a29-8c4a-f4f346a28e15	page-636.png	\N	2017-11-13 01:34:45.446+07	2017-11-13 01:34:45.446+07	636	22	1	1	\N	\N
739	0	ee1b4a37-1b9b-47c9-9f70-e71a479c2fc5	page-637.png	\N	2017-11-13 01:34:48.243+07	2017-11-13 01:34:48.243+07	637	22	1	1	\N	\N
740	0	729bccf4-1263-4747-8c6a-2a6be35c3727	page-638.png	\N	2017-11-13 01:34:51.269+07	2017-11-13 01:34:51.269+07	638	22	1	1	\N	\N
741	0	55e3f40c-a889-45b8-b864-db2d60916e6d	page-639.png	\N	2017-11-13 01:34:54.071+07	2017-11-13 01:34:54.071+07	639	22	1	1	\N	\N
742	0	969e41c6-328c-4a92-8c5d-6f7ce5935b84	page-640.png	\N	2017-11-13 01:34:56.819+07	2017-11-13 01:34:56.819+07	640	22	1	1	\N	\N
743	0	e3dca1d0-ec7f-4cfc-8fa1-b3fc1c08399c	page-641.png	\N	2017-11-13 01:34:59.597+07	2017-11-13 01:34:59.597+07	641	22	1	1	\N	\N
744	0	ed19e65b-90d8-4242-8302-1b731d26da6f	page-642.png	\N	2017-11-13 01:35:02.338+07	2017-11-13 01:35:02.338+07	642	22	1	1	\N	\N
745	0	621b723f-3561-4fb5-91aa-b90bd744e426	page-643.png	\N	2017-11-13 01:35:05.056+07	2017-11-13 01:35:05.056+07	643	22	1	1	\N	\N
746	0	4ba27c55-d89c-4e14-9e6f-79c547a5c7db	page-644.png	\N	2017-11-13 01:35:07.784+07	2017-11-13 01:35:07.784+07	644	22	1	1	\N	\N
747	0	c227e820-30df-4e91-8920-3f288243bdaf	page-645.png	\N	2017-11-13 01:35:10.557+07	2017-11-13 01:35:10.557+07	645	22	1	1	\N	\N
748	0	dc6e86c7-e061-4b2d-9159-e24924eb1967	page-646.png	\N	2017-11-13 01:35:13.332+07	2017-11-13 01:35:13.332+07	646	22	1	1	\N	\N
749	0	8ad85d40-8a96-4deb-9f68-ef7e22143c3d	page-647.png	\N	2017-11-13 01:35:16.22+07	2017-11-13 01:35:16.22+07	647	22	1	1	\N	\N
750	0	89b5b397-f71f-4c53-a527-4d71d3ab34db	page-648.png	\N	2017-11-13 01:35:18.98+07	2017-11-13 01:35:18.98+07	648	22	1	1	\N	\N
751	0	6fab9366-93ec-4e1f-ab17-7065d29e9f17	page-649.png	\N	2017-11-13 01:35:21.699+07	2017-11-13 01:35:21.699+07	649	22	1	1	\N	\N
752	0	fc07c95b-843c-49ff-a7f1-4a20cd344e8b	page-650.png	\N	2017-11-13 01:35:24.6+07	2017-11-13 01:35:24.6+07	650	22	1	1	\N	\N
753	0	1c5f4608-b400-4d0b-8a81-baeb77a4724a	page-651.png	\N	2017-11-13 01:35:27.466+07	2017-11-13 01:35:27.466+07	651	22	1	1	\N	\N
754	0	0e44e394-baf4-4aca-966e-fe658f05f2e3	page-652.png	\N	2017-11-13 01:35:30.147+07	2017-11-13 01:35:30.147+07	652	22	1	1	\N	\N
755	0	8471aa1f-8b12-4e77-b8a6-454ba53bd58c	page-653.png	\N	2017-11-13 01:35:32.891+07	2017-11-13 01:35:32.891+07	653	22	1	1	\N	\N
756	0	09cd3ed0-a268-4f9c-b49e-cebc7b8a794d	page-654.png	\N	2017-11-13 01:35:35.581+07	2017-11-13 01:35:35.581+07	654	22	1	1	\N	\N
757	0	5e21b363-2817-43c9-8c57-0ada3e13e0a0	page-655.png	\N	2017-11-13 01:35:38.338+07	2017-11-13 01:35:38.338+07	655	22	1	1	\N	\N
758	0	e693e847-52ca-4f4c-b37f-89779327d4e0	page-656.png	\N	2017-11-13 01:35:41.172+07	2017-11-13 01:35:41.172+07	656	22	1	1	\N	\N
759	0	fdeefcf9-0094-4c36-941b-c699895122b8	page-657.png	\N	2017-11-13 01:35:44.145+07	2017-11-13 01:35:44.145+07	657	22	1	1	\N	\N
760	0	4ed88ecd-1801-41c9-9394-fc01aa27db70	page-658.png	\N	2017-11-13 01:35:46.9+07	2017-11-13 01:35:46.9+07	658	22	1	1	\N	\N
761	0	120c5f03-ffd5-43c5-9495-9fe66c2eee6f	page-659.png	\N	2017-11-13 01:35:49.684+07	2017-11-13 01:35:49.684+07	659	22	1	1	\N	\N
762	0	d3784091-8062-4c81-835f-11d53a99207e	page-660.png	\N	2017-11-13 01:35:52.435+07	2017-11-13 01:35:52.435+07	660	22	1	1	\N	\N
763	0	d47652b1-4404-42cd-aef5-846003114c41	page-661.png	\N	2017-11-13 01:35:55.332+07	2017-11-13 01:35:55.332+07	661	22	1	1	\N	\N
764	0	5c20987b-e4cb-4c18-9b80-3167396dfad2	page-662.png	\N	2017-11-13 01:35:58.252+07	2017-11-13 01:35:58.252+07	662	22	1	1	\N	\N
765	0	11845b4a-d4fa-43c0-b918-fb3c94315304	page-663.png	\N	2017-11-13 01:36:01.152+07	2017-11-13 01:36:01.152+07	663	22	1	1	\N	\N
766	0	c13943c3-b68f-443e-bb5a-44f5afab44a1	page-664.png	\N	2017-11-13 01:36:03.929+07	2017-11-13 01:36:03.929+07	664	22	1	1	\N	\N
767	0	9292c610-25f1-4ca5-89fd-abc9025fef37	page-665.png	\N	2017-11-13 01:36:06.707+07	2017-11-13 01:36:06.707+07	665	22	1	1	\N	\N
768	0	1a9550e7-0276-4c0b-963a-b8290f3f900c	page-666.png	\N	2017-11-13 01:36:09.457+07	2017-11-13 01:36:09.457+07	666	22	1	1	\N	\N
769	0	b871d2b6-3fba-4f65-b33f-f9fdbaa5c8eb	page-667.png	\N	2017-11-13 01:36:12.234+07	2017-11-13 01:36:12.234+07	667	22	1	1	\N	\N
770	0	fd6e0f49-9a70-4147-9edf-e57bc788575f	page-668.png	\N	2017-11-13 01:36:14.981+07	2017-11-13 01:36:14.981+07	668	22	1	1	\N	\N
771	0	8dc20514-fd2a-4629-84ec-385b60ab21e5	page-669.png	\N	2017-11-13 01:36:17.907+07	2017-11-13 01:36:17.907+07	669	22	1	1	\N	\N
772	0	b40a6a0d-7103-4e1e-9dea-3e7bbb0e410c	page-670.png	\N	2017-11-13 01:36:20.651+07	2017-11-13 01:36:20.651+07	670	22	1	1	\N	\N
773	0	ef2d29c4-b7bf-480e-bcb5-fbcc2da1a72e	page-671.png	\N	2017-11-13 01:36:23.404+07	2017-11-13 01:36:23.404+07	671	22	1	1	\N	\N
774	0	696f7648-c09e-4533-9c89-45b05f90e1b0	page-672.png	\N	2017-11-13 01:36:26.163+07	2017-11-13 01:36:26.163+07	672	22	1	1	\N	\N
775	0	bdc6bdf1-6de3-408b-aa19-7b86228a2654	page-673.png	\N	2017-11-13 01:36:28.94+07	2017-11-13 01:36:28.94+07	673	22	1	1	\N	\N
776	0	a044ec3c-9ad1-4008-8bad-8e41b5e824b3	page-674.png	\N	2017-11-13 01:36:31.817+07	2017-11-13 01:36:31.817+07	674	22	1	1	\N	\N
777	0	ad19b689-609e-49fb-8264-4114bcad6929	page-675.png	\N	2017-11-13 01:36:34.725+07	2017-11-13 01:36:34.725+07	675	22	1	1	\N	\N
778	0	7368e1a1-3d9a-41cf-90ce-618c9ea8dfa4	page-676.png	\N	2017-11-13 01:36:37.497+07	2017-11-13 01:36:37.497+07	676	22	1	1	\N	\N
779	0	aaea2693-d3b3-49fb-a814-ef3988d77f09	page-677.png	\N	2017-11-13 01:36:40.272+07	2017-11-13 01:36:40.272+07	677	22	1	1	\N	\N
780	0	c534f084-a6c1-4eef-a98c-83fe0f3c9252	page-678.png	\N	2017-11-13 01:36:43.035+07	2017-11-13 01:36:43.035+07	678	22	1	1	\N	\N
781	0	cbfbf7f1-2fad-4dd1-bfa3-588143089bad	page-679.png	\N	2017-11-13 01:36:45.832+07	2017-11-13 01:36:45.832+07	679	22	1	1	\N	\N
782	0	067761fd-8795-4bc3-9581-28c7dca654b3	page-680.png	\N	2017-11-13 01:36:48.605+07	2017-11-13 01:36:48.605+07	680	22	1	1	\N	\N
783	0	c4c78bec-fa4c-4e91-a9c8-e250ec471d00	page-681.png	\N	2017-11-13 01:36:51.3+07	2017-11-13 01:36:51.3+07	681	22	1	1	\N	\N
784	0	d2cf5415-886a-4a8f-8f2d-4d7e8b669742	page-682.png	\N	2017-11-13 01:36:54.059+07	2017-11-13 01:36:54.059+07	682	22	1	1	\N	\N
785	0	d29717d0-e18e-492b-a59d-b5d691a2e3e7	page-683.png	\N	2017-11-13 01:36:56.862+07	2017-11-13 01:36:56.862+07	683	22	1	1	\N	\N
786	0	75a4ac8b-13a2-451a-a4c1-5e2f3ef4e9fc	page-684.png	\N	2017-11-13 01:36:59.686+07	2017-11-13 01:36:59.686+07	684	22	1	1	\N	\N
787	0	c4e6c499-d4a0-4a5e-8091-9b867e62d25f	page-685.png	\N	2017-11-13 01:37:02.634+07	2017-11-13 01:37:02.634+07	685	22	1	1	\N	\N
788	0	b26e4dc1-c227-4e7c-9483-f6c6f5c38e0f	page-686.png	\N	2017-11-13 01:37:05.441+07	2017-11-13 01:37:05.441+07	686	22	1	1	\N	\N
789	0	95b83150-ea86-41e3-88f6-2c57f042658c	page-687.png	\N	2017-11-13 01:37:08.23+07	2017-11-13 01:37:08.23+07	687	22	1	1	\N	\N
790	0	b8fe44c3-511a-476e-b6ee-3ec130f6808b	page-688.png	\N	2017-11-13 01:37:10.974+07	2017-11-13 01:37:10.974+07	688	22	1	1	\N	\N
791	0	bbc10eb9-744d-449c-b429-ea706cdb71fc	page-689.png	\N	2017-11-13 01:37:13.745+07	2017-11-13 01:37:13.745+07	689	22	1	1	\N	\N
792	0	bca65bc2-9fd8-4514-ab55-a248f20b86d1	page-690.png	\N	2017-11-13 01:37:16.638+07	2017-11-13 01:37:16.638+07	690	22	1	1	\N	\N
793	0	68ed27bf-d2f2-4e53-a286-348229151c4a	page-691.png	\N	2017-11-13 01:37:19.395+07	2017-11-13 01:37:19.395+07	691	22	1	1	\N	\N
794	0	d7d69338-a193-4d4f-a458-e53e02a2ab72	page-692.png	\N	2017-11-13 01:37:22.149+07	2017-11-13 01:37:22.149+07	692	22	1	1	\N	\N
795	0	82dd27fd-0188-4d7f-9f59-209ca7033798	page-693.png	\N	2017-11-13 01:37:24.937+07	2017-11-13 01:37:24.937+07	693	22	1	1	\N	\N
796	0	b33e320f-583a-462c-bf3c-adc02e3d1d84	page-694.png	\N	2017-11-13 01:37:27.735+07	2017-11-13 01:37:27.735+07	694	22	1	1	\N	\N
797	0	f788d389-9b82-4c8e-ae75-05b23f9a0220	page-695.png	\N	2017-11-13 01:37:30.515+07	2017-11-13 01:37:30.515+07	695	22	1	1	\N	\N
798	0	aae39e8c-cf51-4241-b4e8-296ae4cb8def	page-696.png	\N	2017-11-13 01:37:33.306+07	2017-11-13 01:37:33.306+07	696	22	1	1	\N	\N
799	0	603a3b38-a94b-4239-bf62-1ef9e2b85805	page-697.png	\N	2017-11-13 01:37:36.107+07	2017-11-13 01:37:36.107+07	697	22	1	1	\N	\N
800	0	f502658e-e1cf-4af1-b0a6-8dade7a737b4	page-698.png	\N	2017-11-13 01:37:38.902+07	2017-11-13 01:37:38.902+07	698	22	1	1	\N	\N
801	0	bc0f6b4c-4a3a-4f91-86e6-52d3ea0f2583	page-699.png	\N	2017-11-13 01:37:41.629+07	2017-11-13 01:37:41.629+07	699	22	1	1	\N	\N
802	0	576ae379-a4c8-4f0d-9a6c-b93d6fcc22e7	page-700.png	\N	2017-11-13 01:37:44.378+07	2017-11-13 01:37:44.378+07	700	22	1	1	\N	\N
803	0	4dca56f5-7a39-4afc-bc72-a7c699244f7e	page-701.png	\N	2017-11-13 01:37:47.162+07	2017-11-13 01:37:47.162+07	701	22	1	1	\N	\N
804	0	4a26a172-e19e-4e15-96cb-935a67b12b24	page-702.png	\N	2017-11-13 01:37:49.917+07	2017-11-13 01:37:49.917+07	702	22	1	1	\N	\N
805	0	277dca1b-fa9d-4f42-a4ae-436f1482aa8d	page-703.png	\N	2017-11-13 01:37:52.682+07	2017-11-13 01:37:52.682+07	703	22	1	1	\N	\N
806	0	ea7bfd7f-aac2-4811-a8ee-ce584ac7f1d5	page-704.png	\N	2017-11-13 01:37:55.543+07	2017-11-13 01:37:55.543+07	704	22	1	1	\N	\N
807	0	8058342e-c15f-4b38-934f-b3dbcc0fa863	page-705.png	\N	2017-11-13 01:37:58.329+07	2017-11-13 01:37:58.329+07	705	22	1	1	\N	\N
808	0	72742bb7-f400-40bf-be6e-569023290c87	page-706.png	\N	2017-11-13 01:38:01.198+07	2017-11-13 01:38:01.198+07	706	22	1	1	\N	\N
809	0	ba026c1b-83b5-4eff-aa11-b09eb5f814f6	page-707.png	\N	2017-11-13 01:38:04+07	2017-11-13 01:38:04+07	707	22	1	1	\N	\N
810	0	54aefe5c-047a-4017-b5da-642f574ac6ee	page-708.png	\N	2017-11-13 01:38:06.758+07	2017-11-13 01:38:06.758+07	708	22	1	1	\N	\N
811	0	6ea461ac-17c8-41ae-8db5-a896e9549da1	page-709.png	\N	2017-11-13 01:38:09.634+07	2017-11-13 01:38:09.634+07	709	22	1	1	\N	\N
812	0	57a5ecad-6963-456a-ba61-7e4d894904c0	page-710.png	\N	2017-11-13 01:38:12.358+07	2017-11-13 01:38:12.358+07	710	22	1	1	\N	\N
813	0	d380d290-1799-4c31-9285-6c4ff42be649	page-711.png	\N	2017-11-13 01:38:14.964+07	2017-11-13 01:38:14.964+07	711	22	1	1	\N	\N
814	0	36f6810f-f910-42e8-b70a-7400dc3873ba	page-712.png	\N	2017-11-13 01:38:17.725+07	2017-11-13 01:38:17.725+07	712	22	1	1	\N	\N
815	0	30226f53-2d90-493f-b828-a4955a8fa7b5	page-713.png	\N	2017-11-13 01:38:20.683+07	2017-11-13 01:38:20.683+07	713	22	1	1	\N	\N
816	0	92ce5005-b52a-4a06-9415-69d59926961f	page-714.png	\N	2017-11-13 01:38:23.498+07	2017-11-13 01:38:23.498+07	714	22	1	1	\N	\N
817	0	a93e26b7-2b2e-4f3b-91e2-3c3e2021c7c5	page-715.png	\N	2017-11-13 01:38:26.307+07	2017-11-13 01:38:26.307+07	715	22	1	1	\N	\N
818	0	dfc9cc32-a8d9-4b8e-97f5-4d7e27c13d56	page-716.png	\N	2017-11-13 01:38:29.144+07	2017-11-13 01:38:29.144+07	716	22	1	1	\N	\N
819	0	97950fd9-f95f-4c52-8ca4-4dcf093e1530	page-717.png	\N	2017-11-13 01:38:31.961+07	2017-11-13 01:38:31.961+07	717	22	1	1	\N	\N
820	0	30d13b88-8e01-4be6-9229-8c24dff94bfb	page-718.png	\N	2017-11-13 01:38:34.769+07	2017-11-13 01:38:34.769+07	718	22	1	1	\N	\N
821	0	7dfe7f5f-0a8c-4800-b09e-fc40152a7b8e	page-719.png	\N	2017-11-13 01:38:37.608+07	2017-11-13 01:38:37.608+07	719	22	1	1	\N	\N
822	0	dc10acb0-6f71-417d-83fe-9e165c14e136	page-720.png	\N	2017-11-13 01:38:40.342+07	2017-11-13 01:38:40.342+07	720	22	1	1	\N	\N
823	0	e6eae0fa-cd7b-4b89-a6a3-082e24f15b59	page-721.png	\N	2017-11-13 01:38:43.121+07	2017-11-13 01:38:43.121+07	721	22	1	1	\N	\N
824	0	994d456f-a860-46f6-a65a-64eac6747448	page-722.png	\N	2017-11-13 01:38:45.925+07	2017-11-13 01:38:45.925+07	722	22	1	1	\N	\N
825	0	078e6dd2-4089-4d4b-b01d-8332f2887045	page-723.png	\N	2017-11-13 01:38:48.784+07	2017-11-13 01:38:48.784+07	723	22	1	1	\N	\N
826	0	955e60d4-67f8-4220-b59e-741ffd108273	page-724.png	\N	2017-11-13 01:38:51.573+07	2017-11-13 01:38:51.573+07	724	22	1	1	\N	\N
827	0	72e81cce-05e0-4760-91da-77622f929d3d	page-725.png	\N	2017-11-13 01:38:54.392+07	2017-11-13 01:38:54.392+07	725	22	1	1	\N	\N
828	0	afb3518a-e9bf-45e6-938b-3dd54d90f267	page-726.png	\N	2017-11-13 01:38:57.194+07	2017-11-13 01:38:57.194+07	726	22	1	1	\N	\N
829	0	2e6fc6a2-9450-49eb-9846-f524ebde5ccd	page-727.png	\N	2017-11-13 01:38:59.938+07	2017-11-13 01:38:59.938+07	727	22	1	1	\N	\N
830	0	2bcb2955-692b-49c4-abad-eae451b5368f	page-728.png	\N	2017-11-13 01:39:02.708+07	2017-11-13 01:39:02.708+07	728	22	1	1	\N	\N
831	0	071e7b19-8fb2-4512-98ed-91f58ef4401c	page-729.png	\N	2017-11-13 01:39:05.529+07	2017-11-13 01:39:05.529+07	729	22	1	1	\N	\N
832	0	0cb61778-ddbf-4761-a7a9-69c2a5c1665f	page-730.png	\N	2017-11-13 01:39:08.286+07	2017-11-13 01:39:08.286+07	730	22	1	1	\N	\N
833	0	4dfc34bc-a762-4bf9-8c23-87e11a5a9b1d	page-731.png	\N	2017-11-13 01:39:10.97+07	2017-11-13 01:39:10.97+07	731	22	1	1	\N	\N
834	0	c70d5ec5-d049-4a08-bd59-ab3f4306b0b1	page-732.png	\N	2017-11-13 01:39:13.72+07	2017-11-13 01:39:13.72+07	732	22	1	1	\N	\N
835	0	6240d0e7-1e6b-49fd-8ace-6095aea62a32	page-733.png	\N	2017-11-13 01:39:16.455+07	2017-11-13 01:39:16.455+07	733	22	1	1	\N	\N
836	0	4aaaf387-8fd3-4115-8220-8f58c20e11e9	page-734.png	\N	2017-11-13 01:39:19.137+07	2017-11-13 01:39:19.137+07	734	22	1	1	\N	\N
837	0	ee83dd66-5ccc-40a8-b003-e066867429be	page-735.png	\N	2017-11-13 01:39:21.928+07	2017-11-13 01:39:21.928+07	735	22	1	1	\N	\N
838	0	3f1f3f20-3a17-42ff-8ace-1dea3d7067dc	page-736.png	\N	2017-11-13 01:39:24.725+07	2017-11-13 01:39:24.725+07	736	22	1	1	\N	\N
839	0	d5da9dac-f4a7-4ddc-9b70-184f07573dfc	page-737.png	\N	2017-11-13 01:39:27.552+07	2017-11-13 01:39:27.552+07	737	22	1	1	\N	\N
840	0	0fd00737-e4fe-4c40-8f92-f4daf84a83c3	page-738.png	\N	2017-11-13 01:39:30.388+07	2017-11-13 01:39:30.388+07	738	22	1	1	\N	\N
841	0	7d61fc1e-a471-41ce-9a4d-0af1430d6f26	page-739.png	\N	2017-11-13 01:39:33.174+07	2017-11-13 01:39:33.174+07	739	22	1	1	\N	\N
842	0	8e394eb8-d075-4122-a8aa-f3384c88e329	page-740.png	\N	2017-11-13 01:39:36.022+07	2017-11-13 01:39:36.022+07	740	22	1	1	\N	\N
843	0	6da89489-24f3-4bc9-ae47-d95afbbaef6e	page-741.png	\N	2017-11-13 01:39:38.812+07	2017-11-13 01:39:38.812+07	741	22	1	1	\N	\N
844	0	d575af99-8d7b-4fa0-a991-6ecf9077a30d	page-742.png	\N	2017-11-13 01:39:41.625+07	2017-11-13 01:39:41.625+07	742	22	1	1	\N	\N
845	0	e314902c-efda-4b3a-b7cd-140b4af6f7c0	page-743.png	\N	2017-11-13 01:39:44.369+07	2017-11-13 01:39:44.369+07	743	22	1	1	\N	\N
846	0	870c8159-befe-468b-bebd-7c31dc7d7e89	page-744.png	\N	2017-11-13 01:39:47.165+07	2017-11-13 01:39:47.165+07	744	22	1	1	\N	\N
847	0	e761688a-b95a-4a23-97a9-958c45a78836	page-745.png	\N	2017-11-13 01:39:50.07+07	2017-11-13 01:39:50.07+07	745	22	1	1	\N	\N
848	0	1440886f-e75e-414e-9816-68566dfbb9ec	page-746.png	\N	2017-11-13 01:39:52.928+07	2017-11-13 01:39:52.928+07	746	22	1	1	\N	\N
849	0	7c2997bf-9be8-42b7-9b3a-c2e75efa18c8	page-747.png	\N	2017-11-13 01:39:55.824+07	2017-11-13 01:39:55.824+07	747	22	1	1	\N	\N
850	0	75c5b1e3-8fa0-4fdb-a467-e62dffd32d91	page-748.png	\N	2017-11-13 01:39:58.589+07	2017-11-13 01:39:58.589+07	748	22	1	1	\N	\N
851	0	0d8cfe35-41f2-456d-8798-3491f567c84c	page-749.png	\N	2017-11-13 01:40:01.358+07	2017-11-13 01:40:01.358+07	749	22	1	1	\N	\N
852	0	70240e89-e58e-42f6-82f1-aaa6f3537df0	page-750.png	\N	2017-11-13 01:40:04.222+07	2017-11-13 01:40:04.222+07	750	22	1	1	\N	\N
853	0	408a9833-a747-4990-89e2-4b350f845367	page-751.png	\N	2017-11-13 01:40:07.02+07	2017-11-13 01:40:07.02+07	751	22	1	1	\N	\N
854	0	a948461a-bcb6-433b-8957-0bd74d73d6b3	page-752.png	\N	2017-11-13 01:40:09.805+07	2017-11-13 01:40:09.805+07	752	22	1	1	\N	\N
855	0	98097f61-007c-4a2f-a2ad-26079af41446	page-753.png	\N	2017-11-13 01:40:12.564+07	2017-11-13 01:40:12.564+07	753	22	1	1	\N	\N
856	0	6905b3fe-40f8-4c41-b2d8-74956fc4bd70	page-754.png	\N	2017-11-13 01:40:15.316+07	2017-11-13 01:40:15.316+07	754	22	1	1	\N	\N
857	0	1c4f6429-daa8-4b0d-914b-873c3aed199e	page-755.png	\N	2017-11-13 01:40:18.061+07	2017-11-13 01:40:18.061+07	755	22	1	1	\N	\N
858	0	506562a6-af7e-45b2-b165-8659dd7eb533	page-756.png	\N	2017-11-13 01:40:20.841+07	2017-11-13 01:40:20.841+07	756	22	1	1	\N	\N
859	0	f28c3727-96f9-427c-87db-5fb272ef43ee	page-757.png	\N	2017-11-13 01:40:23.706+07	2017-11-13 01:40:23.706+07	757	22	1	1	\N	\N
860	0	2000cf9d-f49a-4fdb-8e60-4de140bbe9b0	page-758.png	\N	2017-11-13 01:40:26.485+07	2017-11-13 01:40:26.485+07	758	22	1	1	\N	\N
861	0	629bced1-900b-48cc-bbd5-122292f73ffb	page-759.png	\N	2017-11-13 01:40:29.291+07	2017-11-13 01:40:29.291+07	759	22	1	1	\N	\N
862	0	6ec693a5-9359-46ad-b4d1-68c030205b60	page-760.png	\N	2017-11-13 01:40:32.077+07	2017-11-13 01:40:32.077+07	760	22	1	1	\N	\N
863	0	28dcd80c-c0f8-454b-be87-0fe0b8cf31d7	page-761.png	\N	2017-11-13 01:40:34.882+07	2017-11-13 01:40:34.882+07	761	22	1	1	\N	\N
864	0	058c4a5d-1874-4994-ad8e-1a1c5e6d5551	page-762.png	\N	2017-11-13 01:40:37.72+07	2017-11-13 01:40:37.72+07	762	22	1	1	\N	\N
865	0	ecb66615-02bc-45a1-a14c-b4351b85c76f	page-763.png	\N	2017-11-13 01:40:40.525+07	2017-11-13 01:40:40.525+07	763	22	1	1	\N	\N
866	0	6db93823-f4e6-483d-ac13-0dad985366cf	page-764.png	\N	2017-11-13 01:40:43.272+07	2017-11-13 01:40:43.272+07	764	22	1	1	\N	\N
867	0	2081f3e8-6cb4-4273-b22e-e6188b38e2e6	page-765.png	\N	2017-11-13 01:40:45.984+07	2017-11-13 01:40:45.984+07	765	22	1	1	\N	\N
868	0	180d8c90-c6c7-47c8-a8a2-5ff4f97d25de	page-766.png	\N	2017-11-13 01:40:48.779+07	2017-11-13 01:40:48.779+07	766	22	1	1	\N	\N
869	0	634c22c6-c33e-48a9-94b8-24cbd7541dbc	page-767.png	\N	2017-11-13 01:40:51.521+07	2017-11-13 01:40:51.521+07	767	22	1	1	\N	\N
870	0	f1db2fff-79fa-4510-83cc-c550148ee3ec	page-768.png	\N	2017-11-13 01:40:54.239+07	2017-11-13 01:40:54.239+07	768	22	1	1	\N	\N
871	0	f2ef5d27-3664-4df8-9f5f-81e998d12216	page-769.png	\N	2017-11-13 01:40:57.036+07	2017-11-13 01:40:57.036+07	769	22	1	1	\N	\N
872	0	6007810d-92fa-4984-a4c3-e26ed0e096b5	page-770.png	\N	2017-11-13 01:41:00.119+07	2017-11-13 01:41:00.119+07	770	22	1	1	\N	\N
873	0	d165c443-df8e-4351-a76d-d16e3e9d8086	page-771.png	\N	2017-11-13 01:41:02.792+07	2017-11-13 01:41:02.792+07	771	22	1	1	\N	\N
874	0	000dc6a1-049f-47c0-ad7e-8443a1f8c5a5	page-772.png	\N	2017-11-13 01:41:05.572+07	2017-11-13 01:41:05.572+07	772	22	1	1	\N	\N
875	0	fb9a40f0-5583-441a-9ba5-922937c2eb2a	page-773.png	\N	2017-11-13 01:41:08.37+07	2017-11-13 01:41:08.37+07	773	22	1	1	\N	\N
876	0	d17c348b-399d-4052-897f-6fbf8700c260	page-774.png	\N	2017-11-13 01:41:11.24+07	2017-11-13 01:41:11.24+07	774	22	1	1	\N	\N
877	0	1b8338a5-429f-48ea-8fff-2bedfe3ddc9c	page-775.png	\N	2017-11-13 01:41:14.037+07	2017-11-13 01:41:14.037+07	775	22	1	1	\N	\N
878	0	238944d4-da20-4d7c-9927-8cd96c99316f	page-776.png	\N	2017-11-13 01:41:16.832+07	2017-11-13 01:41:16.832+07	776	22	1	1	\N	\N
879	0	80a4b814-0c2f-4766-9c83-cd10467dde9f	page-777.png	\N	2017-11-13 01:41:19.616+07	2017-11-13 01:41:19.616+07	777	22	1	1	\N	\N
880	0	398c90e0-0fa6-4d69-abe3-5b5f68c13fc6	page-778.png	\N	2017-11-13 01:41:22.363+07	2017-11-13 01:41:22.363+07	778	22	1	1	\N	\N
881	0	d8f2d345-8be9-4619-aa4a-c68d48bb8a93	page-779.png	\N	2017-11-13 01:41:25.098+07	2017-11-13 01:41:25.098+07	779	22	1	1	\N	\N
882	0	de4ecfcd-3825-4143-a913-524f10f60b36	page-780.png	\N	2017-11-13 01:41:27.858+07	2017-11-13 01:41:27.858+07	780	22	1	1	\N	\N
883	0	a2fda2fb-34cc-4fca-b0f4-ae657850823d	page-781.png	\N	2017-11-13 01:41:30.654+07	2017-11-13 01:41:30.654+07	781	22	1	1	\N	\N
884	0	03de8bfc-d1e0-425a-a584-e0b44546e4dd	page-782.png	\N	2017-11-13 01:41:33.416+07	2017-11-13 01:41:33.416+07	782	22	1	1	\N	\N
885	0	7ffdde88-a1b5-4a5f-825f-2883fb5bc89b	page-783.png	\N	2017-11-13 01:41:36.207+07	2017-11-13 01:41:36.207+07	783	22	1	1	\N	\N
886	0	296ca74b-bfa9-44de-ac74-ed951dc8a80c	page-784.png	\N	2017-11-13 01:41:39.009+07	2017-11-13 01:41:39.009+07	784	22	1	1	\N	\N
887	0	3cf4a4f4-8901-45e9-bcbc-e9fe98f6baf3	page-785.png	\N	2017-11-13 01:41:41.827+07	2017-11-13 01:41:41.827+07	785	22	1	1	\N	\N
888	0	8f4bc792-05be-4e53-867f-ca72a88d6d8a	page-786.png	\N	2017-11-13 01:41:44.597+07	2017-11-13 01:41:44.597+07	786	22	1	1	\N	\N
889	0	6b0118af-dafe-4399-8330-9360b6b30b3e	page-787.png	\N	2017-11-13 01:41:47.413+07	2017-11-13 01:41:47.413+07	787	22	1	1	\N	\N
890	0	9b953dc1-e5da-4d5d-99a0-6900c9666fa2	page-788.png	\N	2017-11-13 01:41:50.835+07	2017-11-13 01:41:50.835+07	788	22	1	1	\N	\N
891	0	71d665d5-e783-4c3f-9087-ad9ea60ea5c9	page-789.png	\N	2017-11-13 01:41:54.895+07	2017-11-13 01:41:54.895+07	789	22	1	1	\N	\N
892	0	f48b5948-89d6-4c64-93c1-d12896b1ec24	page-790.png	\N	2017-11-13 01:41:58.212+07	2017-11-13 01:41:58.212+07	790	22	1	1	\N	\N
893	0	fa016544-6e20-44a4-9ca7-ebe7e8c5fb27	page-791.png	\N	2017-11-13 01:42:01.7+07	2017-11-13 01:42:01.7+07	791	22	1	1	\N	\N
894	0	7952f8e6-3aed-4cb0-9595-1318d2db7aa0	page-792.png	\N	2017-11-13 01:42:04.954+07	2017-11-13 01:42:04.954+07	792	22	1	1	\N	\N
895	0	3193fe9f-6a78-4be6-98cd-1b02aa77101f	page-793.png	\N	2017-11-13 01:42:07.968+07	2017-11-13 01:42:07.968+07	793	22	1	1	\N	\N
896	0	f1dc29ff-5fae-4689-a8a6-530244fbaa2f	page-794.png	\N	2017-11-13 01:42:10.787+07	2017-11-13 01:42:10.787+07	794	22	1	1	\N	\N
897	0	1eef5c2f-150a-4c22-8647-b0dc5144fb00	page-795.png	\N	2017-11-13 01:42:13.721+07	2017-11-13 01:42:13.721+07	795	22	1	1	\N	\N
898	0	eb6e7c04-a02c-42a6-b8b3-bfab86873ab8	page-796.png	\N	2017-11-13 01:42:16.721+07	2017-11-13 01:42:16.721+07	796	22	1	1	\N	\N
899	0	b96a7dfe-ee15-4bff-ac54-79c473c99ba4	page-797.png	\N	2017-11-13 01:42:19.608+07	2017-11-13 01:42:19.608+07	797	22	1	1	\N	\N
900	0	270ec82b-c5cd-4326-a3ee-c1cbf6992544	page-798.png	\N	2017-11-13 01:42:22.533+07	2017-11-13 01:42:22.533+07	798	22	1	1	\N	\N
901	0	858ec9e7-93ce-44f1-9e9e-92742c6c1a26	page-799.png	\N	2017-11-13 01:42:25.332+07	2017-11-13 01:42:25.332+07	799	22	1	1	\N	\N
902	0	908b40a1-c616-4078-bcb7-5491dced049c	page-800.png	\N	2017-11-13 01:42:28.081+07	2017-11-13 01:42:28.081+07	800	22	1	1	\N	\N
903	0	11d589ca-9296-4eae-98d6-3a44be8a5607	page-801.png	\N	2017-11-13 01:42:31.331+07	2017-11-13 01:42:31.331+07	801	22	1	1	\N	\N
904	0	f1283bae-654d-48f6-b52c-e5d363d106c0	page-802.png	\N	2017-11-13 01:42:34.252+07	2017-11-13 01:42:34.252+07	802	22	1	1	\N	\N
905	0	c580cad8-bf43-4386-9be1-4f72f5826f59	page-803.png	\N	2017-11-13 01:42:37.557+07	2017-11-13 01:42:37.557+07	803	22	1	1	\N	\N
906	0	42e68953-9ddd-4b97-848d-b13f580fe35e	page-804.png	\N	2017-11-13 01:42:40.649+07	2017-11-13 01:42:40.649+07	804	22	1	1	\N	\N
907	0	53cd6e78-1b29-47cf-931a-a8fa90cd7ec1	page-805.png	\N	2017-11-13 01:42:43.692+07	2017-11-13 01:42:43.692+07	805	22	1	1	\N	\N
908	0	a122c2cd-6a36-41b7-be70-c30d2cf19657	page-806.png	\N	2017-11-13 01:42:46.655+07	2017-11-13 01:42:46.655+07	806	22	1	1	\N	\N
909	0	be5fb1d4-e318-4c27-9590-be348168dde2	page-807.png	\N	2017-11-13 01:42:49.689+07	2017-11-13 01:42:49.689+07	807	22	1	1	\N	\N
910	0	317d3127-3fb6-4d32-9d1a-1ff85efbda46	page-808.png	\N	2017-11-13 01:42:53.221+07	2017-11-13 01:42:53.221+07	808	22	1	1	\N	\N
911	0	8e33536a-6fc4-44cc-89f7-fd1c3da8f1d9	page-809.png	\N	2017-11-13 01:42:56.31+07	2017-11-13 01:42:56.31+07	809	22	1	1	\N	\N
912	0	990da5d8-736d-43b1-85f2-eb81aaa06718	page-810.png	\N	2017-11-13 01:42:59.074+07	2017-11-13 01:42:59.074+07	810	22	1	1	\N	\N
913	0	d34bf3d1-a647-4601-aa2b-3410465ff1e1	page-811.png	\N	2017-11-13 01:43:02.069+07	2017-11-13 01:43:02.069+07	811	22	1	1	\N	\N
914	0	8d16cd87-8bfd-451a-98f8-3529f2cd9071	page-812.png	\N	2017-11-13 01:43:05.115+07	2017-11-13 01:43:05.115+07	812	22	1	1	\N	\N
915	0	6ec48d2d-c08c-4022-b729-63c934c7ca4a	page-813.png	\N	2017-11-13 01:43:08.153+07	2017-11-13 01:43:08.153+07	813	22	1	1	\N	\N
916	0	a9e40114-15de-48ba-a6f2-49a0c4aad557	page-814.png	\N	2017-11-13 01:43:10.943+07	2017-11-13 01:43:10.943+07	814	22	1	1	\N	\N
917	0	e75fd9d4-dd6c-4c76-a2ef-fecb7f48b10f	page-815.png	\N	2017-11-13 01:43:13.982+07	2017-11-13 01:43:13.982+07	815	22	1	1	\N	\N
918	0	475cf36d-1b93-42f9-ae8c-919d2ee41d66	page-816.png	\N	2017-11-13 01:43:17.375+07	2017-11-13 01:43:17.375+07	816	22	1	1	\N	\N
919	0	6841f1e8-f3df-46b7-ab84-463302ebf9f8	page-817.png	\N	2017-11-13 01:43:20.338+07	2017-11-13 01:43:20.338+07	817	22	1	1	\N	\N
920	0	ac9de5fa-1f3d-405e-8445-c5e2b1b4377c	page-818.png	\N	2017-11-13 01:43:23.362+07	2017-11-13 01:43:23.362+07	818	22	1	1	\N	\N
921	0	be5bc758-d3d5-45f9-bebd-8ca885b5401e	page-819.png	\N	2017-11-13 01:43:26.294+07	2017-11-13 01:43:26.294+07	819	22	1	1	\N	\N
922	0	22f3a329-5e23-491d-8db1-c7d16cfdd9f3	page-820.png	\N	2017-11-13 01:43:29.174+07	2017-11-13 01:43:29.174+07	820	22	1	1	\N	\N
923	0	a21c7085-746a-4d10-be3c-43d8a4db0b14	page-821.png	\N	2017-11-13 01:43:32.214+07	2017-11-13 01:43:32.214+07	821	22	1	1	\N	\N
924	0	5a45597f-23f5-49a1-8be1-8b36c5481553	page-822.png	\N	2017-11-13 01:43:35.537+07	2017-11-13 01:43:35.537+07	822	22	1	1	\N	\N
925	0	26c5858b-60f1-495f-8224-6a1cbf52de42	page-823.png	\N	2017-11-13 01:43:38.626+07	2017-11-13 01:43:38.626+07	823	22	1	1	\N	\N
926	0	3eb747d6-f032-498c-ab9b-461f49710186	page-824.png	\N	2017-11-13 01:43:41.893+07	2017-11-13 01:43:41.893+07	824	22	1	1	\N	\N
927	0	5bf1e638-3b38-458f-8bc3-93c13f3208ca	page-825.png	\N	2017-11-13 01:43:45.128+07	2017-11-13 01:43:45.128+07	825	22	1	1	\N	\N
928	0	a5bc7a3c-b707-43f1-b3f8-cc9a0703299d	page-826.png	\N	2017-11-13 01:43:48.475+07	2017-11-13 01:43:48.475+07	826	22	1	1	\N	\N
929	0	686bd97e-b852-4ca5-8578-acc08a53ae21	page-827.png	\N	2017-11-13 01:43:51.669+07	2017-11-13 01:43:51.669+07	827	22	1	1	\N	\N
930	0	49385118-1d98-41eb-bd31-bbcb259d7696	page-828.png	\N	2017-11-13 01:43:55.043+07	2017-11-13 01:43:55.043+07	828	22	1	1	\N	\N
931	0	757dcace-22ab-4bcf-8197-225f92246a33	page-829.png	\N	2017-11-13 01:43:58.383+07	2017-11-13 01:43:58.383+07	829	22	1	1	\N	\N
932	0	ceb4c594-3894-4e8a-b3d8-c5b815f745ee	page-830.png	\N	2017-11-13 01:44:01.611+07	2017-11-13 01:44:01.611+07	830	22	1	1	\N	\N
933	0	1a218143-e87f-4d00-ad66-351d2e0ede61	page-831.png	\N	2017-11-13 01:44:05.049+07	2017-11-13 01:44:05.049+07	831	22	1	1	\N	\N
934	0	4f33f497-8fc4-4e5b-9e71-0c14080fc4a8	page-832.png	\N	2017-11-13 01:44:08.263+07	2017-11-13 01:44:08.263+07	832	22	1	1	\N	\N
935	0	de8602ff-fb44-4a88-a627-0a062a8908f0	page-833.png	\N	2017-11-13 01:44:11.4+07	2017-11-13 01:44:11.4+07	833	22	1	1	\N	\N
936	0	a0ed8c8a-c46e-4079-9a8d-2b7cd696a8bf	page-834.png	\N	2017-11-13 01:44:14.28+07	2017-11-13 01:44:14.28+07	834	22	1	1	\N	\N
937	0	03bb74c3-ca23-490c-b601-779623c84f70	page-835.png	\N	2017-11-13 01:44:17.218+07	2017-11-13 01:44:17.218+07	835	22	1	1	\N	\N
938	0	13c18a81-101d-4ba4-b273-67027ca5da5b	page-836.png	\N	2017-11-13 01:44:19.98+07	2017-11-13 01:44:19.98+07	836	22	1	1	\N	\N
939	0	24cbf2b5-a384-4e29-af07-5d44d21df76e	page-837.png	\N	2017-11-13 01:44:23.165+07	2017-11-13 01:44:23.165+07	837	22	1	1	\N	\N
940	0	3609b609-7b7f-48dd-b82b-f9ab514d09bb	page-838.png	\N	2017-11-13 01:44:26.194+07	2017-11-13 01:44:26.194+07	838	22	1	1	\N	\N
941	0	25fd8a91-32e7-434b-abba-fbe17ab4dbe1	page-839.png	\N	2017-11-13 01:44:29.258+07	2017-11-13 01:44:29.258+07	839	22	1	1	\N	\N
942	0	a08c8563-17b9-48f2-9df8-48cb8dbee017	page-840.png	\N	2017-11-13 01:44:32.423+07	2017-11-13 01:44:32.423+07	840	22	1	1	\N	\N
943	0	5e8ba01a-ad02-41e7-8760-7f8659f78561	page-841.png	\N	2017-11-13 01:44:35.715+07	2017-11-13 01:44:35.715+07	841	22	1	1	\N	\N
944	0	593ac0fd-fbae-4b8c-9486-7255c96d81a0	page-842.png	\N	2017-11-13 01:44:38.761+07	2017-11-13 01:44:38.761+07	842	22	1	1	\N	\N
945	0	a5b39733-467e-4ea7-99e4-6056906edfe8	page-843.png	\N	2017-11-13 01:44:41.926+07	2017-11-13 01:44:41.926+07	843	22	1	1	\N	\N
946	0	89819e98-1cbb-4f65-ab24-d3f206e6f264	page-844.png	\N	2017-11-13 01:44:45.082+07	2017-11-13 01:44:45.082+07	844	22	1	1	\N	\N
947	0	3bedc802-d4ed-4fef-877d-cf0b85904f6a	page-845.png	\N	2017-11-13 01:44:48.192+07	2017-11-13 01:44:48.192+07	845	22	1	1	\N	\N
948	0	74e1e67f-ab3b-4184-9040-b1ccd80b0824	page-846.png	\N	2017-11-13 01:44:51.178+07	2017-11-13 01:44:51.178+07	846	22	1	1	\N	\N
949	0	2f0a5a61-ec86-4e6c-8640-8f5f6354b01d	page-847.png	\N	2017-11-13 01:44:54.321+07	2017-11-13 01:44:54.321+07	847	22	1	1	\N	\N
950	0	279f2909-825a-44ea-bebe-3218967a5893	page-848.png	\N	2017-11-13 01:44:57.224+07	2017-11-13 01:44:57.224+07	848	22	1	1	\N	\N
951	0	74e91437-093a-4212-b8ec-c51a9af36b29	page-849.png	\N	2017-11-13 01:45:00.321+07	2017-11-13 01:45:00.321+07	849	22	1	1	\N	\N
952	0	536c9b69-7b65-4795-aad4-0243249e4eca	page-850.png	\N	2017-11-13 01:45:03.496+07	2017-11-13 01:45:03.496+07	850	22	1	1	\N	\N
953	0	ede4c23f-a227-4227-ba22-0bb10a0c7845	page-851.png	\N	2017-11-13 01:45:06.65+07	2017-11-13 01:45:06.65+07	851	22	1	1	\N	\N
954	0	100434f2-d67f-40c8-b136-43c1de70df59	page-852.png	\N	2017-11-13 01:45:10.014+07	2017-11-13 01:45:10.014+07	852	22	1	1	\N	\N
955	0	232eb1eb-3406-43c3-9f53-b61732dd0891	page-853.png	\N	2017-11-13 01:45:14.225+07	2017-11-13 01:45:14.225+07	853	22	1	1	\N	\N
956	0	6a311efd-3764-4e01-9ec9-7a2d21fe22a0	page-854.png	\N	2017-11-13 01:45:17.47+07	2017-11-13 01:45:17.47+07	854	22	1	1	\N	\N
957	0	a880f14b-8f62-4f3b-bb71-bef94f82c6cd	page-855.png	\N	2017-11-13 01:45:20.771+07	2017-11-13 01:45:20.771+07	855	22	1	1	\N	\N
958	0	748e8482-ebb7-4a94-8ad2-d6d49a578ca8	page-856.png	\N	2017-11-13 01:45:23.961+07	2017-11-13 01:45:23.961+07	856	22	1	1	\N	\N
959	0	457866ea-5bf6-4d7f-b1d4-e99e903ffdbb	page-857.png	\N	2017-11-13 01:45:26.951+07	2017-11-13 01:45:26.951+07	857	22	1	1	\N	\N
960	0	9a8974ec-efdf-4b93-b1ed-468432bbca7e	page-858.png	\N	2017-11-13 01:45:30.043+07	2017-11-13 01:45:30.043+07	858	22	1	1	\N	\N
961	0	3fb67b5c-a41e-4e38-a724-083fcf726983	page-859.png	\N	2017-11-13 01:45:33.065+07	2017-11-13 01:45:33.065+07	859	22	1	1	\N	\N
962	0	5ae71e8b-07e8-43ac-9da7-5e4949400a2c	page-860.png	\N	2017-11-13 01:45:35.997+07	2017-11-13 01:45:35.997+07	860	22	1	1	\N	\N
963	0	14492aab-ef79-4707-85a7-12cb067a77fd	page-861.png	\N	2017-11-13 01:45:38.9+07	2017-11-13 01:45:38.9+07	861	22	1	1	\N	\N
964	0	46e58659-dc7c-43a4-aa79-10f33e16de35	page-862.png	\N	2017-11-13 01:45:41.789+07	2017-11-13 01:45:41.789+07	862	22	1	1	\N	\N
965	0	fd1578d3-deae-4327-9c25-d5652b6f6a0f	page-863.png	\N	2017-11-13 01:45:44.632+07	2017-11-13 01:45:44.632+07	863	22	1	1	\N	\N
966	0	f08c6d8a-4668-4754-8d5e-5f88fb7d6fe0	page-864.png	\N	2017-11-13 01:45:47.833+07	2017-11-13 01:45:47.833+07	864	22	1	1	\N	\N
967	0	0d1238f2-d688-4dd0-af93-8b5e1f2f886d	page-865.png	\N	2017-11-13 01:45:50.828+07	2017-11-13 01:45:50.828+07	865	22	1	1	\N	\N
968	0	5ed43a9d-7b27-4e75-89c4-4a1f8f7fce6e	page-866.png	\N	2017-11-13 01:45:53.9+07	2017-11-13 01:45:53.9+07	866	22	1	1	\N	\N
969	0	62120b9d-0a51-4f42-9372-8b7126f78041	page-867.png	\N	2017-11-13 01:45:56.965+07	2017-11-13 01:45:56.965+07	867	22	1	1	\N	\N
970	0	31e7b104-4626-4ed1-8787-aa8e7aa1a6a2	page-868.png	\N	2017-11-13 01:46:00.24+07	2017-11-13 01:46:00.24+07	868	22	1	1	\N	\N
971	0	e806ab2b-22f4-4af2-aa08-4543767447b8	page-869.png	\N	2017-11-13 01:46:03.333+07	2017-11-13 01:46:03.333+07	869	22	1	1	\N	\N
972	0	63b63be2-cfb1-4bd8-a42d-1e88175f2d9d	page-870.png	\N	2017-11-13 01:46:06.171+07	2017-11-13 01:46:06.171+07	870	22	1	1	\N	\N
973	0	f88ef596-fd06-4158-8097-c8f9c2fbf153	page-871.png	\N	2017-11-13 01:46:09.085+07	2017-11-13 01:46:09.085+07	871	22	1	1	\N	\N
974	0	ccd69fb5-f838-438a-b33a-88741593c19a	page-872.png	\N	2017-11-13 01:46:12.599+07	2017-11-13 01:46:12.599+07	872	22	1	1	\N	\N
975	0	766b20da-ceef-4fb1-922f-5df8ddb25a40	page-873.png	\N	2017-11-13 01:46:17.499+07	2017-11-13 01:46:17.499+07	873	22	1	1	\N	\N
976	0	bf22ed41-156f-4dd1-aa9e-701eac882c72	page-874.png	\N	2017-11-13 01:46:22.864+07	2017-11-13 01:46:22.864+07	874	22	1	1	\N	\N
977	0	fe8c69de-7b56-4884-b658-986a956f0251	page-875.png	\N	2017-11-13 01:46:27.131+07	2017-11-13 01:46:27.131+07	875	22	1	1	\N	\N
978	0	f3765213-2145-42e1-8592-b8f68d160596	page-876.png	\N	2017-11-13 01:46:30.489+07	2017-11-13 01:46:30.489+07	876	22	1	1	\N	\N
979	0	678d193a-2b15-4591-961b-6a7f7ba05a06	page-877.png	\N	2017-11-13 01:46:33.843+07	2017-11-13 01:46:33.843+07	877	22	1	1	\N	\N
980	0	fd268339-b790-4456-b7a7-aa5d03b18bd9	page-878.png	\N	2017-11-13 01:46:37.277+07	2017-11-13 01:46:37.277+07	878	22	1	1	\N	\N
981	0	3b6d1ecc-03a6-49e6-acdc-d39a157248c1	page-879.png	\N	2017-11-13 01:46:41.938+07	2017-11-13 01:46:41.938+07	879	22	1	1	\N	\N
982	0	1f9374b6-eaf0-491b-b17a-d89de10dff8a	page-880.png	\N	2017-11-13 01:46:46.4+07	2017-11-13 01:46:46.4+07	880	22	1	1	\N	\N
983	0	93c1d1d6-d30c-432f-98ca-6ced30092507	page-881.png	\N	2017-11-13 01:46:52.393+07	2017-11-13 01:46:52.393+07	881	22	1	1	\N	\N
984	0	c72ff293-4a8c-4c68-b2ba-e08698581476	page-882.png	\N	2017-11-13 01:46:57.311+07	2017-11-13 01:46:57.311+07	882	22	1	1	\N	\N
985	0	fdd53eaf-a9a8-428f-b64d-85f9fb960ac2	page-883.png	\N	2017-11-13 01:47:00.375+07	2017-11-13 01:47:00.375+07	883	22	1	1	\N	\N
986	0	a1159267-0f4a-4125-9a64-0542c2faeff3	page-884.png	\N	2017-11-13 01:47:03.355+07	2017-11-13 01:47:03.355+07	884	22	1	1	\N	\N
987	0	8e016e05-34e4-4dba-867c-a4b3a160b08a	page-885.png	\N	2017-11-13 01:47:06.079+07	2017-11-13 01:47:06.079+07	885	22	1	1	\N	\N
988	0	6f40cddc-d5a2-47ea-bc69-29858d1d8536	page-886.png	\N	2017-11-13 01:47:09.04+07	2017-11-13 01:47:09.04+07	886	22	1	1	\N	\N
989	0	8d595824-d504-4c8e-aeb1-b2a73c45c776	page-887.png	\N	2017-11-13 01:47:11.948+07	2017-11-13 01:47:11.948+07	887	22	1	1	\N	\N
990	0	3972a258-4ad5-4167-a192-7571350b8f3d	page-888.png	\N	2017-11-13 01:47:14.837+07	2017-11-13 01:47:14.837+07	888	22	1	1	\N	\N
991	0	3d3f3665-3d57-49ba-802e-6dd08f2af9f3	page-889.png	\N	2017-11-13 01:47:17.872+07	2017-11-13 01:47:17.872+07	889	22	1	1	\N	\N
992	0	86fa7130-fa67-44dd-a4e6-0397dd47f594	page-890.png	\N	2017-11-13 01:47:20.874+07	2017-11-13 01:47:20.874+07	890	22	1	1	\N	\N
993	0	776745f4-42af-4871-b2a7-0cd7de3f8ba7	page-891.png	\N	2017-11-13 01:47:23.629+07	2017-11-13 01:47:23.629+07	891	22	1	1	\N	\N
994	0	02dace1b-8cb0-450f-b5c3-ee0801e3c7ac	page-892.png	\N	2017-11-13 01:47:26.811+07	2017-11-13 01:47:26.811+07	892	22	1	1	\N	\N
995	0	698a8b0f-39f0-4be9-a5e4-e555f3ca066f	page-893.png	\N	2017-11-13 01:47:29.892+07	2017-11-13 01:47:29.892+07	893	22	1	1	\N	\N
996	0	5d338c50-54a2-4f15-bf45-11f3c4371cbb	page-894.png	\N	2017-11-13 01:47:32.737+07	2017-11-13 01:47:32.737+07	894	22	1	1	\N	\N
997	0	2f93824d-6f37-43b4-8b59-1878ce27c410	page-895.png	\N	2017-11-13 01:47:35.63+07	2017-11-13 01:47:35.63+07	895	22	1	1	\N	\N
998	0	cd0bc94d-cd5f-43b3-bd13-29bf6adccc30	page-896.png	\N	2017-11-13 01:47:38.432+07	2017-11-13 01:47:38.432+07	896	22	1	1	\N	\N
999	0	85c4cac6-5fc8-49a6-9a74-13cb19fe18e4	page-897.png	\N	2017-11-13 01:47:41.292+07	2017-11-13 01:47:41.292+07	897	22	1	1	\N	\N
1000	0	e9a9b126-1169-4e00-acb3-c09000929eb0	page-898.png	\N	2017-11-13 01:47:44.135+07	2017-11-13 01:47:44.135+07	898	22	1	1	\N	\N
1001	0	f79fa9ba-70c3-40d4-baf2-4e4c0e069a16	page-899.png	\N	2017-11-13 01:47:46.993+07	2017-11-13 01:47:46.993+07	899	22	1	1	\N	\N
1002	0	8fbfecb4-acf7-44ce-8ce5-b20f598a6bd0	page-900.png	\N	2017-11-13 01:47:49.825+07	2017-11-13 01:47:49.825+07	900	22	1	1	\N	\N
1003	0	a0ef1611-7bc0-45df-be37-3d46879d2efb	page-901.png	\N	2017-11-13 01:47:52.702+07	2017-11-13 01:47:52.702+07	901	22	1	1	\N	\N
1004	0	8124a18c-dec4-4245-8e08-2a169d08871d	page-902.png	\N	2017-11-13 01:47:55.547+07	2017-11-13 01:47:55.547+07	902	22	1	1	\N	\N
1005	0	817d8db8-6e11-4274-bf0c-f78b63eb6352	page-903.png	\N	2017-11-13 01:47:58.343+07	2017-11-13 01:47:58.343+07	903	22	1	1	\N	\N
1006	0	e3db45f2-b1c9-48a9-a518-36dd60cc044d	page-904.png	\N	2017-11-13 01:48:01.353+07	2017-11-13 01:48:01.353+07	904	22	1	1	\N	\N
1007	0	d826cd9e-0611-408a-892e-2d9229166bb7	page-905.png	\N	2017-11-13 01:48:04.377+07	2017-11-13 01:48:04.377+07	905	22	1	1	\N	\N
1008	0	c0c6d69c-43eb-4cfb-9330-30e95f26400f	page-906.png	\N	2017-11-13 01:48:07.22+07	2017-11-13 01:48:07.22+07	906	22	1	1	\N	\N
1009	0	0628e90b-ad45-4a21-b165-dd39c7dd4f80	page-907.png	\N	2017-11-13 01:48:10.095+07	2017-11-13 01:48:10.095+07	907	22	1	1	\N	\N
1010	0	d2dddf3c-1e8d-46b0-806b-0dc39adfae28	page-908.png	\N	2017-11-13 01:48:12.905+07	2017-11-13 01:48:12.905+07	908	22	1	1	\N	\N
1011	0	e55a7985-9248-4e91-908f-683deed51b4d	page-909.png	\N	2017-11-13 01:48:15.737+07	2017-11-13 01:48:15.737+07	909	22	1	1	\N	\N
1012	0	f57c0172-0d81-451f-b059-7e9f33694442	page-910.png	\N	2017-11-13 01:48:18.502+07	2017-11-13 01:48:18.502+07	910	22	1	1	\N	\N
1013	0	ecea9043-1ad0-40c8-8e03-8079d2e685ba	page-911.png	\N	2017-11-13 01:48:21.289+07	2017-11-13 01:48:21.289+07	911	22	1	1	\N	\N
1014	0	daae7af9-d433-418f-97e9-e10b9c4ead6d	page-912.png	\N	2017-11-13 01:48:24.006+07	2017-11-13 01:48:24.006+07	912	22	1	1	\N	\N
1015	0	4c25692b-f0f6-4efa-94ad-aba406b86206	page-913.png	\N	2017-11-13 01:48:26.765+07	2017-11-13 01:48:26.765+07	913	22	1	1	\N	\N
1016	0	09d83649-9711-4fd2-86f8-defb1cc6c486	page-914.png	\N	2017-11-13 01:48:29.471+07	2017-11-13 01:48:29.471+07	914	22	1	1	\N	\N
1017	0	447fcce8-53cc-4bdb-8ea3-a35014829cd0	page-915.png	\N	2017-11-13 01:48:32.23+07	2017-11-13 01:48:32.23+07	915	22	1	1	\N	\N
1018	0	35bb7a11-1706-4d87-b355-5ee373c73a17	page-916.png	\N	2017-11-13 01:48:34.942+07	2017-11-13 01:48:34.942+07	916	22	1	1	\N	\N
1019	0	6491dc0f-c143-46fd-9c23-e30c035b40fa	page-917.png	\N	2017-11-13 01:48:37.625+07	2017-11-13 01:48:37.625+07	917	22	1	1	\N	\N
1020	0	77ceb612-7dd9-4fea-a073-3b0706bafe5f	page-918.png	\N	2017-11-13 01:48:40.431+07	2017-11-13 01:48:40.431+07	918	22	1	1	\N	\N
1021	0	d441ca0b-1167-4fe0-ad11-b8402c56d7c6	page-919.png	\N	2017-11-13 01:48:43.26+07	2017-11-13 01:48:43.26+07	919	22	1	1	\N	\N
1022	0	6352d5f7-7807-4d56-b4b1-6988b23187f9	page-920.png	\N	2017-11-13 01:48:45.985+07	2017-11-13 01:48:45.985+07	920	22	1	1	\N	\N
1023	0	4f342164-7e51-4a87-b870-82cabd2cb248	page-921.png	\N	2017-11-13 01:48:48.724+07	2017-11-13 01:48:48.724+07	921	22	1	1	\N	\N
1024	0	8c2420ce-8098-4227-9040-a39ad593cda2	page-922.png	\N	2017-11-13 01:48:51.481+07	2017-11-13 01:48:51.481+07	922	22	1	1	\N	\N
1025	0	f57a1d90-c8c5-435f-8be3-c80d2ffe5fc5	page-923.png	\N	2017-11-13 01:48:54.277+07	2017-11-13 01:48:54.277+07	923	22	1	1	\N	\N
1026	0	7a9604c4-cf7c-4760-99a7-d31bb590e5d0	page-924.png	\N	2017-11-13 01:48:56.98+07	2017-11-13 01:48:56.98+07	924	22	1	1	\N	\N
1027	0	d12cf6c3-62cd-4fd4-b1cd-cd420d949632	page-925.png	\N	2017-11-13 01:48:59.696+07	2017-11-13 01:48:59.696+07	925	22	1	1	\N	\N
1028	0	c1f0b7d2-f504-4073-9e14-7c4906d0d8c2	page-926.png	\N	2017-11-13 01:49:02.502+07	2017-11-13 01:49:02.502+07	926	22	1	1	\N	\N
1029	0	fb08d42b-0172-467c-b23c-8b3efc7697ec	page-927.png	\N	2017-11-13 01:49:05.266+07	2017-11-13 01:49:05.266+07	927	22	1	1	\N	\N
1030	0	78bb28bc-d201-4a4e-b519-128bd41bba4c	page-928.png	\N	2017-11-13 01:49:08.04+07	2017-11-13 01:49:08.04+07	928	22	1	1	\N	\N
1031	0	766dad70-711a-4de5-a404-c249a6e7aedf	page-929.png	\N	2017-11-13 01:49:10.804+07	2017-11-13 01:49:10.804+07	929	22	1	1	\N	\N
1032	0	f9d9ac24-9c16-4f2d-818b-39af3bfddf90	page-930.png	\N	2017-11-13 01:49:13.52+07	2017-11-13 01:49:13.52+07	930	22	1	1	\N	\N
1033	0	6abbbdee-eafe-4cfa-8f3a-214e2c7e6580	page-931.png	\N	2017-11-13 01:49:16.18+07	2017-11-13 01:49:16.18+07	931	22	1	1	\N	\N
1034	0	bbc7ca74-46f3-4d71-82e4-4e0acde17f12	page-932.png	\N	2017-11-13 01:49:18.959+07	2017-11-13 01:49:18.959+07	932	22	1	1	\N	\N
1035	0	1c95e144-b123-4dca-855f-1cd9fa548206	page-933.png	\N	2017-11-13 01:49:21.747+07	2017-11-13 01:49:21.747+07	933	22	1	1	\N	\N
1036	0	bf4d41b7-143a-4b96-b9b8-a4a60cc15898	page-934.png	\N	2017-11-13 01:49:24.536+07	2017-11-13 01:49:24.536+07	934	22	1	1	\N	\N
1037	0	c60cd3b2-cb5f-4fed-b62f-41c7f01e7385	page-935.png	\N	2017-11-13 01:49:27.299+07	2017-11-13 01:49:27.299+07	935	22	1	1	\N	\N
1038	0	a5a5b8af-e319-4595-833f-95e836ecfa9a	page-936.png	\N	2017-11-13 01:49:30.077+07	2017-11-13 01:49:30.077+07	936	22	1	1	\N	\N
1039	0	4a0568f3-1702-4b14-b1b6-59994865516c	page-937.png	\N	2017-11-13 01:49:32.837+07	2017-11-13 01:49:32.837+07	937	22	1	1	\N	\N
1040	0	a1398767-b4d3-49b9-9371-1d12162bbdd2	page-938.png	\N	2017-11-13 01:49:35.708+07	2017-11-13 01:49:35.708+07	938	22	1	1	\N	\N
1041	0	a412c338-77ff-4e75-bb36-0571625eaf8e	page-939.png	\N	2017-11-13 01:49:38.537+07	2017-11-13 01:49:38.537+07	939	22	1	1	\N	\N
1042	0	0951636a-80ca-4463-9e55-7968e8409309	page-940.png	\N	2017-11-13 01:49:41.365+07	2017-11-13 01:49:41.365+07	940	22	1	1	\N	\N
1043	0	37a42b2b-912d-4896-826b-685eba2a013f	page-941.png	\N	2017-11-13 01:49:44.227+07	2017-11-13 01:49:44.227+07	941	22	1	1	\N	\N
1044	0	8359196c-73dd-4f1c-8be3-966b50994c5a	page-942.png	\N	2017-11-13 01:49:47.046+07	2017-11-13 01:49:47.046+07	942	22	1	1	\N	\N
1045	0	edcf347f-491c-4cb2-8d7d-6d5c8096c2c8	page-943.png	\N	2017-11-13 01:49:49.891+07	2017-11-13 01:49:49.891+07	943	22	1	1	\N	\N
1046	0	b1404720-cfbf-43b3-bed4-161ee89c9b7c	page-944.png	\N	2017-11-13 01:49:52.709+07	2017-11-13 01:49:52.709+07	944	22	1	1	\N	\N
1047	0	472d219a-861f-459e-aa7a-12bc408794a5	page-945.png	\N	2017-11-13 01:49:55.529+07	2017-11-13 01:49:55.529+07	945	22	1	1	\N	\N
1048	0	db175635-7a7a-4f4e-bb1f-ba1ecf05a013	page-946.png	\N	2017-11-13 01:49:58.319+07	2017-11-13 01:49:58.319+07	946	22	1	1	\N	\N
1049	0	a920e457-749e-4144-8db5-cbba628e0330	page-947.png	\N	2017-11-13 01:50:01.126+07	2017-11-13 01:50:01.126+07	947	22	1	1	\N	\N
1050	0	e850b6d2-a826-4c9c-a4fa-b9b385de554a	page-948.png	\N	2017-11-13 01:50:03.918+07	2017-11-13 01:50:03.918+07	948	22	1	1	\N	\N
1051	0	0b04f82f-dd02-4c35-b88d-bc6a1e2e71c3	page-949.png	\N	2017-11-13 01:50:06.699+07	2017-11-13 01:50:06.699+07	949	22	1	1	\N	\N
1052	0	b809cdfb-7eaf-4db3-8f92-6cab9d86c7e4	page-950.png	\N	2017-11-13 01:50:09.547+07	2017-11-13 01:50:09.547+07	950	22	1	1	\N	\N
1053	0	90307f45-9af3-4b40-97a5-4a4616cf3608	page-951.png	\N	2017-11-13 01:50:12.393+07	2017-11-13 01:50:12.393+07	951	22	1	1	\N	\N
1054	0	71d881fb-c1f5-4685-b614-6ac0737d7352	page-952.png	\N	2017-11-13 01:50:15.22+07	2017-11-13 01:50:15.22+07	952	22	1	1	\N	\N
1055	0	2ea1a57f-e81b-475a-90b8-2e178f8d0fd0	page-953.png	\N	2017-11-13 01:50:18.028+07	2017-11-13 01:50:18.028+07	953	22	1	1	\N	\N
1056	0	1866adc1-7cc3-4847-b656-11a0357cbeaa	page-954.png	\N	2017-11-13 01:50:20.794+07	2017-11-13 01:50:20.794+07	954	22	1	1	\N	\N
1057	0	14c9d0fe-e9d2-4cea-8e39-bfee070381b2	page-955.png	\N	2017-11-13 01:50:23.613+07	2017-11-13 01:50:23.613+07	955	22	1	1	\N	\N
1058	0	1e8e320d-4ef8-4ac8-80fc-0322571bc5da	page-956.png	\N	2017-11-13 01:50:26.453+07	2017-11-13 01:50:26.453+07	956	22	1	1	\N	\N
1059	0	074a6c58-7d26-4429-8b24-3ff52a6be201	page-957.png	\N	2017-11-13 01:50:29.243+07	2017-11-13 01:50:29.243+07	957	22	1	1	\N	\N
1060	0	bb7bf9e7-a9d0-4c7e-8356-f72a299dff84	page-958.png	\N	2017-11-13 01:50:32.071+07	2017-11-13 01:50:32.071+07	958	22	1	1	\N	\N
1061	0	99953468-9061-4d7a-850c-c75a0e3e9edf	page-959.png	\N	2017-11-13 01:50:34.917+07	2017-11-13 01:50:34.917+07	959	22	1	1	\N	\N
1062	0	30e56c2c-4aa6-4505-b5eb-df4d06dbe5b4	page-960.png	\N	2017-11-13 01:50:37.712+07	2017-11-13 01:50:37.712+07	960	22	1	1	\N	\N
1063	0	fec167e7-6040-4e5c-bebb-fc1a4b408d2a	page-961.png	\N	2017-11-13 01:50:40.524+07	2017-11-13 01:50:40.524+07	961	22	1	1	\N	\N
1064	0	a64e9278-1887-4f7a-8879-ea608f9a002a	page-962.png	\N	2017-11-13 01:50:43.415+07	2017-11-13 01:50:43.415+07	962	22	1	1	\N	\N
1065	0	d2481cc4-8037-4f7e-a125-9af3e02ae68a	page-963.png	\N	2017-11-13 01:50:46.362+07	2017-11-13 01:50:46.362+07	963	22	1	1	\N	\N
1066	0	3b6c7af1-b6d9-48b4-852b-43e7877083a3	123.jpg	image/jpeg	2017-11-27 01:18:43.452+07	2017-11-27 01:18:43.452+07	0	0	1	1	\N	\N
1067	0	f7c1a139-864e-481d-b818-74a651e5d604	123.jpg	image/jpeg	2017-11-27 01:25:15.824+07	2017-11-27 01:25:15.824+07	0	0	1	1	\N	\N
1068	1	9d354d8c-2ba4-455d-85e1-5e3d31368ba8	1161901054754_996517333486319.pdf	application/pdf	2017-11-29 00:50:33.973+07	2017-11-29 00:50:33.973+07	0	0	1	1	\N	\N
1069	1	2d9acbf2-94db-46d3-92a5-868b842794e9	babakov-2017-1.pdf	application/pdf	2017-11-29 02:23:02.281+07	2017-11-29 02:23:02.281+07	0	0	1	1	\N	\N
1070	1	f0932198-ebd9-4192-a03d-a34f237f42cc	1161901054754_996517333486319.pdf	application/pdf	2017-11-29 02:35:34.042+07	2017-11-29 02:35:34.042+07	0	0	1	1	\N	\N
1071	1	de98d287-085a-4a36-9e59-8588c695b6fa	babakov-2017-1.pdf	application/pdf	2017-11-29 02:43:18.863+07	2017-11-29 02:43:18.863+07	0	0	1	1	\N	\N
1072	1	19b73f4c-7ba3-4423-a677-3516ea2aa7f4	1161901054754_996517333486319.pdf	application/pdf	2017-11-29 02:45:39.37+07	2017-11-29 02:45:39.37+07	0	0	1	1	\N	\N
1073	1	cf82a831-36bb-479d-bf2a-b87f3757dbac	babakov-2017-1.pdf	application/pdf	2017-11-29 02:48:23.797+07	2017-11-29 02:48:23.797+07	0	0	1	1	\N	\N
1074	1	5957c674-fd3e-4f33-92d3-7895ec2491a3	1161901054754_996517333486319.pdf	application/pdf	2017-11-29 02:51:23.46+07	2017-11-29 02:51:23.46+07	0	0	1	1	\N	\N
1081	1	a2182a51-3288-4e8c-9d26-7e3efbc2e71a	1161901054754_996517333486319.pdf	application/pdf	2018-02-10 04:12:31.375+07	2018-02-10 04:12:31.375+07	0	0	1	1	\N	\N
1082	1	876b7f2d-119a-4bda-94b0-030de3c10668	1161901054754_996517333486319.pdf	application/pdf	2018-02-10 04:16:17.055+07	2018-02-10 04:16:17.055+07	0	0	1	1	\N	\N
1083	1	e44f2510-3297-41e7-aa29-46221c04a1cb	1161901054754_996517333486319.pdf	application/pdf	2018-02-10 04:17:45.183+07	2018-02-10 04:17:45.183+07	0	0	1	1	\N	\N
1084	1	bf9cc48d-01db-4374-a51a-9c835f94d659	1161901054754_996517333486319.pdf	application/pdf	2018-02-10 04:19:43.481+07	2018-02-10 04:19:43.481+07	0	0	1	1	\N	\N
1085	1	10626d11-0949-4b30-b53f-5be91b8ebcb3	1161901054754_996517333486319.pdf	application/pdf	2018-02-10 04:22:42.646+07	2018-02-10 04:22:42.646+07	0	0	1	1	\N	\N
1086	1	137bbdfa-896c-496b-91bf-6385bf449c65	1161901054754_996517333486319.pdf	application/pdf	2018-02-10 04:24:06.267+07	2018-02-10 04:24:06.267+07	0	0	1	1	\N	\N
1087	1	b5fff89b-f824-4582-bba2-9bcf5cfa55ec	1161901054754_996517333486319.pdf	application/pdf	2018-02-10 04:26:59.649+07	2018-02-10 04:26:59.649+07	0	0	1	1	\N	\N
1088	1	0448cf60-cde5-40d9-80e9-9470b261d2f4	1161901054754_996517333486319.pdf	application/pdf	2018-02-10 04:35:35.552+07	2018-02-10 04:35:35.552+07	0	0	1	1	\N	\N
1089	1	5c891e12-b16a-4b61-8907-6c548ea905da	1161901054754_996517333486319.pdf	application/pdf	2018-02-10 04:38:16.965+07	2018-02-10 04:38:16.965+07	0	0	1	1	\N	\N
1090	0	171ebe4c-ca49-48e8-a884-23c678061fc9	page-0.png	\N	2018-02-12 02:36:02.139+07	2018-02-12 02:36:02.139+07	1	\N	1	1	2	\N
1091	0	dfba8851-1787-46ab-b627-eeb66e67a166	page-1.png	\N	2018-02-12 02:36:04.063+07	2018-02-12 02:36:04.063+07	2	\N	1	1	2	\N
1092	0	cbc3f9a8-c00e-4994-89c6-1f2c812a0423	page-2.png	\N	2018-02-12 02:36:05.927+07	2018-02-12 02:36:05.927+07	3	\N	1	1	2	\N
1093	0	39c1aec1-94d2-4080-9c60-0a0b7a665e11	page-3.png	\N	2018-02-12 02:36:07.823+07	2018-02-12 02:36:07.823+07	4	\N	1	1	2	\N
1094	0	baeb9ea8-18fe-466c-8849-6a6307dbe104	page-4.png	\N	2018-02-12 02:36:10.47+07	2018-02-12 02:36:10.47+07	5	\N	1	1	2	\N
1095	0	78cb54cc-c31e-4064-b237-693d68c132e7	page-5.png	\N	2018-02-12 02:36:12.864+07	2018-02-12 02:36:12.864+07	6	\N	1	1	2	\N
1096	0	0637bbff-bfb3-48f1-86d0-5bd8b4679862	page-0.png	\N	2018-02-12 02:36:20.046+07	2018-02-12 02:36:20.046+07	1	0	1	1	3	\N
1097	0	2a088966-26ea-472d-86e8-9d6e56775e90	page-1.png	\N	2018-02-12 02:36:22.2+07	2018-02-12 02:36:22.2+07	2	0	1	1	3	\N
1098	0	41d0ccdb-0d32-4498-89e3-b6522af912f4	page-2.png	\N	2018-02-12 02:36:24.319+07	2018-02-12 02:36:24.319+07	3	0	1	1	3	\N
1099	0	7f8c7632-3816-4b5b-9a8e-d2744848c3a4	page-3.png	\N	2018-02-12 02:36:26.222+07	2018-02-12 02:36:26.222+07	4	0	1	1	3	\N
1100	0	79457f91-c632-46db-9cef-1c8e9e7953b4	page-4.png	\N	2018-02-12 02:36:28.329+07	2018-02-12 02:36:28.329+07	5	0	1	1	3	\N
1101	0	c25495eb-ac77-4d6d-a149-ed8c19b66c29	page-5.png	\N	2018-02-12 02:36:30.121+07	2018-02-12 02:36:30.121+07	6	0	1	1	3	\N
1102	0	6c387561-92e2-4612-8c06-ac63330ebdf7	page-0.png	\N	2018-02-12 02:36:37.186+07	2018-02-12 02:36:37.186+07	1	0	1	1	4	\N
1103	0	8dd06662-8a09-4818-ab9b-f0ff6f8b4a18	page-1.png	\N	2018-02-12 02:36:39.26+07	2018-02-12 02:36:39.26+07	2	0	1	1	4	\N
1104	0	e839bbe9-282b-4974-a1ef-83d1b723018f	page-2.png	\N	2018-02-12 02:36:41.375+07	2018-02-12 02:36:41.375+07	3	0	1	1	4	\N
1105	0	0a339de9-0742-45e2-8626-1cb3d0d75f04	page-3.png	\N	2018-02-12 02:36:43.29+07	2018-02-12 02:36:43.29+07	4	0	1	1	4	\N
1106	0	125cab26-655d-4a7e-bd28-7d638dfd58f7	page-4.png	\N	2018-02-12 02:36:45.15+07	2018-02-12 02:36:45.15+07	5	0	1	1	4	\N
1107	0	79b2f81b-a103-42c8-bef5-52e7a518592f	page-5.png	\N	2018-02-12 02:36:47.42+07	2018-02-12 02:36:47.42+07	6	0	1	1	4	\N
1108	0	25fa176a-c520-4990-a150-151d5f8d5e47	page-0.png	\N	2018-02-12 02:36:54.744+07	2018-02-12 02:36:54.744+07	1	0	1	1	5	\N
1109	0	02b01892-5de9-4d1b-bd68-bad1b2027aa4	page-1.png	\N	2018-02-12 02:36:58.897+07	2018-02-12 02:36:58.897+07	2	0	1	1	5	\N
1110	0	75057991-ea41-4bf5-ae3d-e61abd26a3ea	page-2.png	\N	2018-02-12 02:37:01.377+07	2018-02-12 02:37:01.377+07	3	0	1	1	5	\N
1111	0	7b67e0bb-3b3f-42f3-ad7d-63b19b0cdea7	page-3.png	\N	2018-02-12 02:37:04.58+07	2018-02-12 02:37:04.58+07	4	0	1	1	5	\N
1112	0	6d8acdf3-6f36-4ead-b91f-f21a3a62c16a	page-4.png	\N	2018-02-12 02:37:06.954+07	2018-02-12 02:37:06.954+07	5	0	1	1	5	\N
1113	0	53cf68d9-d711-429a-b1fc-bdaef7580484	page-5.png	\N	2018-02-12 02:37:09.543+07	2018-02-12 02:37:09.543+07	6	0	1	1	5	\N
1114	0	baa2006e-341d-44eb-9846-daa46e3d64b4	page-0.png	\N	2018-02-12 02:37:17.137+07	2018-02-12 02:37:17.137+07	1	0	1	1	6	\N
1115	0	95a6fedc-35fd-436a-8ec1-41fad44f936f	page-1.png	\N	2018-02-12 02:37:19.566+07	2018-02-12 02:37:19.566+07	2	0	1	1	6	\N
1116	0	bdbad493-0d3a-4dad-870b-ad8a7b35ce92	page-2.png	\N	2018-02-12 02:37:22.39+07	2018-02-12 02:37:22.39+07	3	0	1	1	6	\N
1117	0	5ad91d0a-4670-459c-add4-8660e8bdd77e	page-3.png	\N	2018-02-12 02:37:24.37+07	2018-02-12 02:37:24.37+07	4	0	1	1	6	\N
1118	0	ceca1e4b-3837-416d-983f-a7af5427e1eb	page-4.png	\N	2018-02-12 02:37:26.304+07	2018-02-12 02:37:26.304+07	5	0	1	1	6	\N
1119	0	4c98a13d-10d3-4698-be3d-8a0a07bb9ec2	page-5.png	\N	2018-02-12 02:37:28.029+07	2018-02-12 02:37:28.029+07	6	0	1	1	6	\N
1120	0	265a823c-4201-4bcd-af2b-d76d649bd484	page-0.png	\N	2018-02-12 02:37:34.798+07	2018-02-12 02:37:34.798+07	1	0	1	1	7	\N
1121	0	1280465c-d326-4eb6-854d-dc4d5c9f9f2b	page-1.png	\N	2018-02-12 02:37:36.578+07	2018-02-12 02:37:36.578+07	2	0	1	1	7	\N
1122	0	676b0134-b709-4af4-aac1-72c0caddfc5c	page-2.png	\N	2018-02-12 02:37:38.367+07	2018-02-12 02:37:38.367+07	3	0	1	1	7	\N
1123	0	415d842d-66e4-426e-9bff-81f55698640b	page-3.png	\N	2018-02-12 02:37:40.132+07	2018-02-12 02:37:40.132+07	4	0	1	1	7	\N
1124	0	26a37d8b-1e9b-4d5a-a130-a71fc51e7503	page-4.png	\N	2018-02-12 02:37:41.862+07	2018-02-12 02:37:41.862+07	5	0	1	1	7	\N
1125	0	f0c08633-79ce-42c9-9299-1453de3caf53	page-5.png	\N	2018-02-12 02:37:43.562+07	2018-02-12 02:37:43.562+07	6	0	1	1	7	\N
1130	0	a2318ea4-4228-48f0-a613-a6749fccb239	page-4.png	\N	2018-02-12 02:37:58.771+07	2018-02-12 02:37:58.771+07	5	23	1	1	8	\N
1137	0	040ee7f2-a345-440d-b9b7-cb2d4f26ee67	123.jpg	image/jpeg	2018-02-21 03:19:09.577+07	2018-02-21 03:19:09.577+07	0	23	1	1	\N	\N
1077	0	865d08d9-63e4-4f28-b385-f75f3e29aec5	page-2.png	\N	2017-11-29 02:52:51.597+07	2018-02-21 04:08:37.475+07	3	23	1	1	\N	f
1078	0	cdfc984f-c20e-4ab6-b06d-bfa7fde1e6cf	page-3.png	\N	2017-11-29 02:52:53.399+07	2018-02-13 03:59:21.757+07	4	23	1	1	\N	f
1129	0	1a5211ca-a3f2-444b-8e48-63bebf6e5089	page-3.png	\N	2018-02-12 02:37:56.487+07	2018-02-13 03:59:21.767+07	4	23	1	1	8	t
1128	0	b1fcaed8-9afb-4e1a-b425-db8c30c9a2a6	page-2.png	\N	2018-02-12 02:37:54.093+07	2018-02-21 04:08:37.487+07	3	23	1	1	8	t
1075	0	6c2c284a-13ce-4bab-bc7f-cfef3648130d	page-0.png	\N	2017-11-29 02:52:47.647+07	2018-02-13 04:10:25.413+07	1	23	1	1	\N	f
1126	0	89c5f918-0c68-423c-9229-67b6a0c4b2b8	page-0.png	\N	2018-02-12 02:37:50.358+07	2018-02-13 04:10:25.425+07	1	23	1	1	8	t
1131	0	1fdd73bc-251e-4f6f-b0e3-a68b8a93209e	page-5.png	\N	2018-02-12 02:38:00.77+07	2018-02-21 03:50:13.693+07	6	23	1	1	8	t
1132	1	cefd7a77-833e-49a1-916a-255045de2161	myb_Babakov 02_11_2017.pdf	application/pdf	2018-02-21 03:16:53.718+07	2018-02-21 03:16:53.718+07	0	\N	1	1	\N	\N
1133	0	c74827b8-32c3-417b-af06-ba1f82da1498	page-0.png	\N	2018-02-21 03:17:47.635+07	2018-02-21 03:17:47.635+07	1	23	1	1	9	\N
1136	0	50849f94-4e85-459e-85b3-7a1f183368ac	page-3.png	\N	2018-02-21 03:17:54.978+07	2018-02-21 03:17:54.978+07	4	23	1	1	9	\N
1174	1	8ee25290-8434-4758-ae13-0152f6937225	08-17 ПЗУ.pdf	application/pdf	2018-03-26 00:17:47.359+07	2018-03-26 00:17:47.359+07	\N	\N	1	1	\N	\N
1138	0	7764f392-23fc-4e20-a2e6-a66b4db58c3d	123.jpg	image/jpeg	2018-02-21 03:23:12.311+07	2018-02-21 03:23:12.311+07	0	23	1	1	\N	\N
1139	0	4e979de3-b387-415d-9d96-a41a3f6f0f8b	123.jpg	image/jpeg	2018-02-21 03:26:05.085+07	2018-02-21 03:26:05.085+07	0	23	1	1	\N	\N
1140	0	6545ceca-5f47-4c8c-b4eb-2e57def0f039	123.jpg	image/jpeg	2018-02-21 03:30:38.956+07	2018-02-21 03:30:38.956+07	0	23	1	1	\N	\N
1141	0	ecc9fd1f-4743-4313-88b9-049f70d0cb87	123.jpg	image/jpeg	2018-02-21 03:37:52.323+07	2018-02-21 03:37:52.323+07	0	23	1	1	\N	\N
1175	0	2b5c5728-f4f5-4c0f-b7f4-1e350eb3b5a6	page-0.png	\N	2018-03-26 00:17:53.145+07	2018-03-26 00:17:53.145+07	1	38	1	1	21	\N
1176	0	6caea1bf-df8b-46cb-b06b-306d302a23b2	page-1.png	\N	2018-03-26 00:17:57.057+07	2018-03-26 00:17:57.057+07	2	38	1	1	21	\N
1144	0	dc5e6f5f-4426-4edc-91f4-0ad4bd2028e7	1498637104.png	image/png	2018-02-21 03:51:34.949+07	2018-02-21 03:51:38.267+07	8	23	1	1	8	t
1143	0	8fcabebf-9be9-4dd4-b8d2-311f26116c8d	123.jpg	image/jpeg	2018-02-21 03:50:47.875+07	2018-02-21 03:51:43.453+07	61	23	1	1	8	t
1177	0	22c2805b-fe30-48d7-8b73-d31bc7dc6129	page-2.png	\N	2018-03-26 00:17:59.655+07	2018-03-26 00:17:59.655+07	3	38	1	1	21	\N
1178	0	5bdb93aa-ae38-40dd-8ecd-01f29cad3aa8	page-3.png	\N	2018-03-26 00:18:01.766+07	2018-03-26 00:18:01.766+07	4	38	1	1	21	\N
1135	0	88857521-df2d-489d-83c1-6af88448b071	page-2.png	\N	2018-02-21 03:17:53.016+07	2018-02-21 04:08:37.475+07	3	23	1	1	9	f
1179	0	7e7f7b63-9f17-48f8-a552-24fbccd052a0	page-4.png	\N	2018-03-26 00:18:03.606+07	2018-03-26 00:18:03.606+07	5	38	1	1	21	\N
1180	0	a1356047-d6c8-4d7e-9342-036cec31f91b	page-5.png	\N	2018-03-26 00:18:06.003+07	2018-03-26 00:18:06.003+07	6	38	1	1	21	\N
1181	0	65a0cb68-fe02-4c0c-815e-4c1b13897df1	page-6.png	\N	2018-03-26 00:18:08.337+07	2018-03-26 00:18:08.337+07	7	38	1	1	21	\N
1182	0	67396a06-de9e-41ed-917d-9e13f473a678	page-7.png	\N	2018-03-26 00:18:10.636+07	2018-03-26 00:18:10.636+07	8	38	1	1	21	\N
1076	0	8828a7a3-73c5-487c-9959-b57b119f3577	page-1.png	\N	2017-11-29 02:52:49.721+07	2018-02-21 04:08:51.206+07	2	23	1	1	\N	f
1127	0	0c375114-fa16-41a7-bdbf-50f879820e34	page-1.png	\N	2018-02-12 02:37:52.154+07	2018-02-21 04:08:51.206+07	2	23	1	1	8	f
1134	0	8f6a7c40-e4a0-46ba-bed6-0c14b74bedf4	page-1.png	\N	2018-02-21 03:17:50.43+07	2018-02-21 04:08:51.217+07	2	23	1	1	9	t
1145	1	730c1658-2258-4663-8475-6789eac1e340	1161901054754_996517333486319.pdf	application/pdf	2018-02-23 02:59:38.364+07	2018-02-23 02:59:38.364+07	\N	\N	1	1	\N	\N
1146	1	3a523e47-08f4-49ff-87c4-5a8276f4035c	1161901054754_996517333486319.pdf	application/pdf	2018-02-23 03:03:26.437+07	2018-02-23 03:03:26.437+07	\N	\N	1	1	\N	\N
1147	1	c4a9366d-b958-4679-b1a6-5963d6270dfc	1161901054754_996517333486319.pdf	application/pdf	2018-02-23 03:12:17.65+07	2018-02-23 03:12:17.65+07	\N	\N	1	1	\N	\N
1148	0	017b195a-7b3b-4946-92da-901e100fa619	123.jpg	image/jpeg	2018-02-24 18:24:50.533+07	2018-02-24 18:24:50.533+07	\N	\N	1	1	\N	\N
1149	0	9bf2b0c3-29a4-4bab-b963-4895912826d3	1510770065.png	image/png	2018-02-24 18:26:26.356+07	2018-02-24 18:26:26.356+07	\N	\N	1	1	\N	\N
1150	0	f73fd403-315a-40c1-a0c4-5dcfa777bbd0	1510770065.png	image/png	2018-02-26 02:45:44.022+07	2018-02-26 02:45:44.022+07	\N	\N	1	1	\N	\N
1151	0	7c33f361-07af-40ee-9d42-2d23467921ad	1510770065.png	image/png	2018-02-26 02:46:31.327+07	2018-02-26 02:46:31.327+07	\N	\N	1	1	\N	\N
1152	0	05885ee5-bdfb-41d0-8cd0-e8a6f2bb57d2	20171005_214707.jpg	image/jpeg	2018-02-27 02:59:22.552+07	2018-02-27 02:59:22.552+07	\N	\N	1	1	\N	\N
1153	1	f916dc67-23f1-4445-be64-922c69fb1c98	1161901054754_996517333486319.pdf	application/pdf	2018-02-27 03:16:29.154+07	2018-02-27 03:16:29.154+07	\N	\N	1	1	\N	\N
1154	0	544a0d3c-52e6-41e2-901f-d7d1b02daf59	1510770065.png	image/png	2018-02-27 03:43:26.145+07	2018-02-27 03:43:26.145+07	\N	\N	1	1	\N	\N
1155	0	8f276bc8-e958-463d-8a29-2ffb14ef4859	20171005_214707.jpg	image/jpeg	2018-03-14 01:51:41.799+07	2018-03-14 01:51:41.799+07	1	38	1	1	20	\N
1156	0	0933b665-106a-4a5f-a560-c905100f1ae4	page-0.png	\N	2018-03-23 04:45:55.893+07	2018-03-23 04:45:55.893+07	1	28	1	1	10	\N
1157	0	9c51e550-e6bd-4c4c-a31b-18152c8029bc	page-1.png	\N	2018-03-23 04:45:57.834+07	2018-03-23 04:45:57.834+07	2	28	1	1	10	\N
1158	0	8e417246-e24e-4798-aca4-62b7b4f340e2	page-2.png	\N	2018-03-23 04:45:59.638+07	2018-03-23 04:45:59.638+07	3	28	1	1	10	\N
1159	0	138dee77-e67a-4038-8b3e-72ea546d49d3	page-3.png	\N	2018-03-23 04:46:01.485+07	2018-03-23 04:46:01.485+07	4	28	1	1	10	\N
1160	0	84bfbd73-bd71-4c84-9a01-3d988ac180dd	page-4.png	\N	2018-03-23 04:46:03.247+07	2018-03-23 04:46:03.247+07	5	28	1	1	10	\N
1161	0	bd52e83e-33b7-46d0-aa33-52c4257682a6	page-5.png	\N	2018-03-23 04:46:04.998+07	2018-03-23 04:46:04.998+07	6	28	1	1	10	\N
1162	0	ca0336b0-2506-4acf-89fb-a9ce42a9f70f	page-0.png	\N	2018-03-23 04:46:43.947+07	2018-03-23 04:46:43.947+07	1	35	1	1	17	\N
1163	0	585cae88-3382-438b-8c52-984965bfc0bb	page-1.png	\N	2018-03-23 04:46:45.972+07	2018-03-23 04:46:45.972+07	2	35	1	1	17	\N
1164	0	0e7d9a69-1282-40c0-811a-564ef8cdcb92	page-2.png	\N	2018-03-23 04:46:47.928+07	2018-03-23 04:46:47.928+07	3	35	1	1	17	\N
1165	0	cbf2a7cc-9586-4e1d-8b2b-05873b21b60c	page-3.png	\N	2018-03-23 04:46:49.757+07	2018-03-23 04:46:49.757+07	4	35	1	1	17	\N
1166	0	77b56867-4164-458d-8470-8edc69dcbfc5	page-4.png	\N	2018-03-23 04:46:51.644+07	2018-03-23 04:46:51.644+07	5	35	1	1	17	\N
1167	0	d577d8ae-28b6-4eec-8b77-565331a37436	page-5.png	\N	2018-03-23 04:46:54.283+07	2018-03-23 04:46:54.283+07	6	35	1	1	17	\N
1168	0	614083ab-e0a5-4ddc-861f-dca5388ae788	page-0.png	\N	2018-03-23 04:47:02.971+07	2018-03-23 04:47:02.971+07	1	36	1	1	18	\N
1169	0	569d5a24-b9c4-4d11-a4ba-70ca7655cdcc	page-1.png	\N	2018-03-23 04:47:05.302+07	2018-03-23 04:47:05.302+07	2	36	1	1	18	\N
1170	0	36d4f4c8-99a6-40d0-b7f1-e41215c10d9f	page-2.png	\N	2018-03-23 04:47:07.176+07	2018-03-23 04:47:07.176+07	3	36	1	1	18	\N
1171	0	3a5341f0-f978-44e9-8f65-048d59e749eb	page-3.png	\N	2018-03-23 04:47:09.192+07	2018-03-23 04:47:09.192+07	4	36	1	1	18	\N
1172	0	b2ad57d6-bc95-4f19-be6a-fd83ec72dd66	page-4.png	\N	2018-03-23 04:47:11.066+07	2018-03-23 04:47:11.066+07	5	36	1	1	18	\N
1173	0	698200b4-67b1-4f6d-a393-80759089e830	page-5.png	\N	2018-03-23 04:47:12.785+07	2018-03-23 04:47:12.785+07	6	36	1	1	18	\N
1183	0	5c18ef0d-b1f3-455a-9953-8a04bc89cd76	page-8.png	\N	2018-03-26 00:18:12.91+07	2018-03-26 00:18:12.91+07	9	38	1	1	21	\N
1184	0	637a3e4e-16aa-4ad6-87d3-b2e2d3ed1187	page-9.png	\N	2018-03-26 00:18:15.162+07	2018-03-26 00:18:15.162+07	10	38	1	1	21	\N
1185	0	eb7b5500-62e6-41ce-be30-9b50d65a8930	page-10.png	\N	2018-03-26 00:18:17.157+07	2018-03-26 00:18:17.157+07	11	38	1	1	21	\N
1186	0	bc7411f2-430e-4c7e-8e1d-c0c32994ce43	page-11.png	\N	2018-03-26 00:18:21.157+07	2018-03-26 00:18:21.157+07	12	38	1	1	21	\N
1187	0	795549d5-a56b-46a0-bc8c-c69c00c9d7b1	page-12.png	\N	2018-03-26 00:18:26.875+07	2018-03-26 00:18:26.875+07	13	38	1	1	21	\N
1188	0	7cf1e777-9612-4bc9-acce-59e59cb9b670	page-13.png	\N	2018-03-26 00:18:33.182+07	2018-03-26 00:18:33.182+07	14	38	1	1	21	\N
1189	0	3230a609-89c8-4150-8a79-15a0d84b85ad	page-14.png	\N	2018-03-26 00:18:37.358+07	2018-03-26 00:18:37.358+07	15	38	1	1	21	\N
1190	0	6e6bffd9-dc83-4165-9c6a-7a5f57e6637f	page-15.png	\N	2018-03-26 00:18:43.451+07	2018-03-26 00:18:43.451+07	16	38	1	1	21	\N
1191	0	61b50b6f-8522-4153-a7c9-e53c680b653c	page-16.png	\N	2018-03-26 00:18:47.194+07	2018-03-26 00:18:47.194+07	17	38	1	1	21	\N
1192	0	5f131f43-e630-47ae-8163-9377f67251b6	page-17.png	\N	2018-03-26 00:18:53.322+07	2018-03-26 00:18:53.322+07	18	38	1	1	21	\N
1193	0	42901132-763e-4767-91db-008f4a714bbe	page-18.png	\N	2018-03-26 00:18:58.921+07	2018-03-26 00:18:58.921+07	19	38	1	1	21	\N
1194	0	2f00208d-2a8d-40a4-b721-f5b4d9d734d1	page-19.png	\N	2018-03-26 00:19:04.211+07	2018-03-26 00:19:04.211+07	20	38	1	1	21	\N
1195	0	dc51ec3b-2584-457c-a8b9-aa13d08bc91f	page-20.png	\N	2018-03-26 00:19:12.044+07	2018-03-26 00:19:12.044+07	21	38	1	1	21	\N
1196	0	f7ecfa01-bbc7-4c17-b6d3-321e602755a5	page-21.png	\N	2018-03-26 00:19:19.359+07	2018-03-26 00:19:19.359+07	22	38	1	1	21	\N
1197	0	7a0ff9e0-5de9-4a92-b076-6a470a070c55	page-22.png	\N	2018-03-26 00:19:23.843+07	2018-03-26 00:19:23.843+07	23	38	1	1	21	\N
1198	0	57800669-5f99-48bb-819a-a6c72bc54fa0	page-23.png	\N	2018-03-26 00:19:27.48+07	2018-03-26 00:19:27.48+07	24	38	1	1	21	\N
1199	0	3a03a4c1-c10b-46ad-9627-332920bdbba1	page-24.png	\N	2018-03-26 00:19:31.26+07	2018-03-26 00:19:31.26+07	25	38	1	1	21	\N
1200	1	3f0448cd-ce82-47fc-a487-2dc79b236ba5	08.pdf	application/pdf	2018-03-26 00:53:09.327+07	2018-03-26 00:53:09.327+07	\N	\N	1	1	\N	\N
1201	0	b9a8711a-7848-423a-8208-0ad47247cdfa	page-0.jpg	\N	2018-03-26 00:53:16.838+07	2018-03-26 00:53:16.838+07	1	38	1	1	22	\N
1202	0	4e9d40a2-dacf-4127-b0e8-2100c9990ca4	page-1.jpg	\N	2018-03-26 00:53:20.118+07	2018-03-26 00:53:20.118+07	2	38	1	1	22	\N
1203	0	bfb25d1d-06aa-4251-b89c-f5f66bbecd3c	page-2.jpg	\N	2018-03-26 00:53:21.89+07	2018-03-26 00:53:21.89+07	3	38	1	1	22	\N
1204	0	20c35aa9-6b32-4faa-b8bd-ed87af6a08d1	page-3.jpg	\N	2018-03-26 00:53:23.813+07	2018-03-26 00:53:23.813+07	4	38	1	1	22	\N
1205	0	b98ce0f5-317c-4db7-96ba-66ba4af99fff	page-4.jpg	\N	2018-03-26 00:53:26.266+07	2018-03-26 00:53:26.266+07	5	38	1	1	22	\N
1206	0	989d19e0-f283-43c5-b2aa-ca1f8576e362	page-5.jpg	\N	2018-03-26 00:53:28.159+07	2018-03-26 00:53:28.159+07	6	38	1	1	22	\N
1207	0	0bbfbfa0-cf55-4355-8fc2-2faf7f95cc4d	page-6.jpg	\N	2018-03-26 00:53:30.405+07	2018-03-26 00:53:30.405+07	7	38	1	1	22	\N
1208	0	777334ea-3bb0-45db-a442-66e3864984c6	page-7.jpg	\N	2018-03-26 00:53:32.386+07	2018-03-26 00:53:32.386+07	8	38	1	1	22	\N
1209	0	bab78490-ae21-41ce-ad49-59d193da4728	page-8.jpg	\N	2018-03-26 00:53:34.481+07	2018-03-26 00:53:34.481+07	9	38	1	1	22	\N
1210	0	da50b6a2-6e13-4451-8b76-25e040c40ce2	page-9.jpg	\N	2018-03-26 00:53:36.503+07	2018-03-26 00:53:36.503+07	10	38	1	1	22	\N
1211	0	46bb6d1e-ed7c-4a03-b34f-78589297dde5	page-10.jpg	\N	2018-03-26 00:53:38.228+07	2018-03-26 00:53:38.228+07	11	38	1	1	22	\N
1212	0	bd73e7be-6b39-4b4f-9a86-594bcc99a0c1	page-11.jpg	\N	2018-03-26 00:53:41.905+07	2018-03-26 00:53:41.905+07	12	38	1	1	22	\N
1213	0	03ee0eda-0dfd-4477-a2f2-e815683370aa	page-12.jpg	\N	2018-03-26 00:53:47.888+07	2018-03-26 00:53:47.888+07	13	38	1	1	22	\N
1214	0	96a559f0-4d3d-47e1-ac37-09173c92e820	page-13.jpg	\N	2018-03-26 00:53:53.584+07	2018-03-26 00:53:53.584+07	14	38	1	1	22	\N
1215	0	6fb48d9b-1cfc-41f6-bb28-530e339c1e59	page-14.jpg	\N	2018-03-26 00:53:57.207+07	2018-03-26 00:53:57.207+07	15	38	1	1	22	\N
1216	0	f73b2370-2c16-414c-9eb8-342397752fc0	page-15.jpg	\N	2018-03-26 00:54:02.86+07	2018-03-26 00:54:02.86+07	16	38	1	1	22	\N
1217	0	d31027fe-c5f1-4c10-a519-9f24fdf24038	page-16.jpg	\N	2018-03-26 00:54:06.139+07	2018-03-26 00:54:06.139+07	17	38	1	1	22	\N
1218	0	5ee9ded2-4e70-4478-aa86-f90e4f5a1d1a	page-17.jpg	\N	2018-03-26 00:54:12.117+07	2018-03-26 00:54:12.117+07	18	38	1	1	22	\N
1219	0	e33a20ed-7c42-4383-8d16-d64414f97ae4	page-18.jpg	\N	2018-03-26 00:54:18.142+07	2018-03-26 00:54:18.142+07	19	38	1	1	22	\N
1220	0	0eb005af-83e3-4e4a-8023-36859fcffb92	page-19.jpg	\N	2018-03-26 00:54:22.693+07	2018-03-26 00:54:22.693+07	20	38	1	1	22	\N
1221	0	03074778-961c-4a33-aa53-6dcd027b7885	page-20.jpg	\N	2018-03-26 00:54:28.627+07	2018-03-26 00:54:28.627+07	21	38	1	1	22	\N
1222	0	c931b7a2-3677-477c-aa1b-1adfb2719181	page-21.jpg	\N	2018-03-26 00:54:34.091+07	2018-03-26 00:54:34.091+07	22	38	1	1	22	\N
1223	0	7f38d796-64de-4d60-b526-329201538afd	page-22.jpg	\N	2018-03-26 00:54:37.516+07	2018-03-26 00:54:37.516+07	23	38	1	1	22	\N
1224	0	4005cee5-d310-49ea-a9d0-111764207e8f	page-23.jpg	\N	2018-03-26 00:54:40.868+07	2018-03-26 00:54:40.868+07	24	38	1	1	22	\N
1225	0	f91ad7fb-2a11-4dc0-88d6-7e1150671c1f	page-24.jpg	\N	2018-03-26 00:54:44.233+07	2018-03-26 00:54:44.233+07	25	38	1	1	22	\N
1226	1	0259a320-e5f6-4e79-aa41-295d5a425455	08-17_КМ.pdf	application/pdf	2018-03-26 01:01:05.763+07	2018-03-26 01:01:05.763+07	\N	\N	1	1	\N	\N
1227	0	0e036934-d3e4-408e-affd-a1568994c0c2	page-0.jpg	\N	2018-03-26 01:03:06.482+07	2018-03-26 01:03:06.482+07	1	38	1	1	23	\N
1228	0	c00242d8-5754-4d14-8cd4-4831ebf50f8f	page-1.jpg	\N	2018-03-26 01:03:10.364+07	2018-03-26 01:03:10.364+07	2	38	1	1	23	\N
1229	0	b1524cb6-94cd-4589-9791-c74bb49c2c21	page-2.jpg	\N	2018-03-26 01:03:14.561+07	2018-03-26 01:03:14.561+07	3	38	1	1	23	\N
1230	0	eea6abba-aaea-4c67-bb6d-f3891b7f5d4d	page-3.jpg	\N	2018-03-26 01:03:19.264+07	2018-03-26 01:03:19.264+07	4	38	1	1	23	\N
1231	0	99b98a4d-2d96-4959-bdb0-a0ddb4ff6b5e	page-4.jpg	\N	2018-03-26 01:03:22.872+07	2018-03-26 01:03:22.872+07	5	38	1	1	23	\N
1232	0	788b99d0-3095-4992-bd4e-2fc2ee37f276	page-5.jpg	\N	2018-03-26 01:03:26.426+07	2018-03-26 01:03:26.426+07	6	38	1	1	23	\N
1233	0	381e4f25-b612-440d-a63a-9fd1906eeccc	page-6.jpg	\N	2018-03-26 01:03:29.998+07	2018-03-26 01:03:29.998+07	7	38	1	1	23	\N
1234	0	8df53d94-e871-4edf-9543-0f395e0811ac	page-7.jpg	\N	2018-03-26 01:03:33.587+07	2018-03-26 01:03:33.587+07	8	38	1	1	23	\N
1235	0	d52442a4-c76f-451e-907f-864d291de161	page-8.jpg	\N	2018-03-26 01:03:37.131+07	2018-03-26 01:03:37.131+07	9	38	1	1	23	\N
1236	0	f40b77be-9136-4f34-8c50-a12b0e7ce7b3	page-9.jpg	\N	2018-03-26 01:03:40.619+07	2018-03-26 01:03:40.619+07	10	38	1	1	23	\N
1237	0	a641e7da-6b9a-49db-bec7-a807414fd3a5	page-10.jpg	\N	2018-03-26 01:03:44.205+07	2018-03-26 01:03:44.205+07	11	38	1	1	23	\N
1238	0	507e6abe-9f7a-4dfa-82cb-b5c96e41c285	page-11.jpg	\N	2018-03-26 01:03:47.797+07	2018-03-26 01:03:47.797+07	12	38	1	1	23	\N
1239	0	33f1c1e2-59c8-43e2-8f12-1dd863a0aaa6	page-12.jpg	\N	2018-03-26 01:03:51.477+07	2018-03-26 01:03:51.477+07	13	38	1	1	23	\N
1240	0	c7145628-34e4-47a9-ae86-8beb5a08ccac	page-13.jpg	\N	2018-03-26 01:03:55+07	2018-03-26 01:03:55+07	14	38	1	1	23	\N
1241	0	273caa62-c12c-4d82-b559-e364e120e61e	page-14.jpg	\N	2018-03-26 01:03:58.644+07	2018-03-26 01:03:58.644+07	15	38	1	1	23	\N
1242	0	5fb9d794-60e7-4036-a6ed-7790bee356d7	page-15.jpg	\N	2018-03-26 01:04:02.267+07	2018-03-26 01:04:02.267+07	16	38	1	1	23	\N
1243	0	216a7b17-5f38-48b7-8ae2-7daf8e310ece	page-16.jpg	\N	2018-03-26 01:04:05.78+07	2018-03-26 01:04:05.78+07	17	38	1	1	23	\N
1244	0	6caa444e-8c9d-4e88-9758-50d6b81b0106	page-17.jpg	\N	2018-03-26 01:04:09.3+07	2018-03-26 01:04:09.3+07	18	38	1	1	23	\N
1245	0	19fe016f-eae9-4115-90a9-ce69a57474a5	page-18.jpg	\N	2018-03-26 01:04:12.903+07	2018-03-26 01:04:12.903+07	19	38	1	1	23	\N
1246	0	61e36c80-e3aa-46b6-85ca-68e5fed3a182	page-19.jpg	\N	2018-03-26 01:04:16.642+07	2018-03-26 01:04:16.642+07	20	38	1	1	23	\N
1247	0	2c17e85d-1d11-4f4d-9ef2-81ba77b34990	page-20.jpg	\N	2018-03-26 01:04:20.41+07	2018-03-26 01:04:20.41+07	21	38	1	1	23	\N
1248	0	1fefa6a5-c3c8-4351-a9d0-e21ee0daabde	page-21.jpg	\N	2018-03-26 01:04:23.958+07	2018-03-26 01:04:23.958+07	22	38	1	1	23	\N
1249	0	a0b6ca60-652e-4780-8304-f021149410e6	page-22.jpg	\N	2018-03-26 01:04:27.626+07	2018-03-26 01:04:27.626+07	23	38	1	1	23	\N
1250	0	56543b57-cd67-4034-b3d1-f3f302f3eb71	page-23.jpg	\N	2018-03-26 01:04:31.395+07	2018-03-26 01:04:31.395+07	24	38	1	1	23	\N
1251	0	21ccbe26-9992-4025-9b33-c3ef2b3e526b	page-24.jpg	\N	2018-03-26 01:04:34.943+07	2018-03-26 01:04:34.943+07	25	38	1	1	23	\N
1252	0	7f10c945-05a2-4bad-9d5e-8ce00cc2c80f	page-25.jpg	\N	2018-03-26 01:04:38.582+07	2018-03-26 01:04:38.582+07	26	38	1	1	23	\N
1253	0	3ce943ac-6b42-4d18-aa7f-d50f74fc353c	page-26.jpg	\N	2018-03-26 01:04:42.199+07	2018-03-26 01:04:42.199+07	27	38	1	1	23	\N
1254	0	9ef7f828-b7e8-472f-87bc-7b205b20412a	page-27.jpg	\N	2018-03-26 01:04:45.875+07	2018-03-26 01:04:45.875+07	28	38	1	1	23	\N
1255	0	d190ae12-5dc9-41f3-9491-24eece161482	page-28.jpg	\N	2018-03-26 01:04:49.471+07	2018-03-26 01:04:49.471+07	29	38	1	1	23	\N
1256	0	ce8ba9de-4783-40a6-8816-e44a25f764d6	page-29.jpg	\N	2018-03-26 01:04:53.215+07	2018-03-26 01:04:53.215+07	30	38	1	1	23	\N
1257	0	0bf28029-b54e-4128-9dc9-5c3d8d16890f	page-30.jpg	\N	2018-03-26 01:04:57.037+07	2018-03-26 01:04:57.037+07	31	38	1	1	23	\N
1258	0	dc55ad4b-963f-47f3-adcb-2e17577a2045	page-31.jpg	\N	2018-03-26 01:05:01.347+07	2018-03-26 01:05:01.347+07	32	38	1	1	23	\N
1259	0	ebc3d1fa-43ab-48e9-93ad-94eea4246bd9	page-32.jpg	\N	2018-03-26 01:05:05.809+07	2018-03-26 01:05:05.809+07	33	38	1	1	23	\N
1260	0	8758bb88-4bd0-45ba-a6a5-cceb942ca6e5	page-33.jpg	\N	2018-03-26 01:05:09.454+07	2018-03-26 01:05:09.454+07	34	38	1	1	23	\N
1263	0	f0015d03-3f37-4a8f-9647-96067191f2c2	t1.jpg	image/jpeg	2018-03-26 02:59:47.667+07	2018-03-26 02:59:47.667+07	2	38	1	1	20	\N
1264	0	f2a4d94d-fc8e-4b85-97de-411b86003d6f	apples.jpeg	image/jpeg	2018-03-26 03:05:57.96+07	2018-03-26 03:05:57.96+07	3	38	1	1	20	\N
1265	0	ab6bf01b-33cf-46a3-9893-37d4493376cc	apples.jpeg	image/jpeg	2018-03-26 03:08:15.281+07	2018-03-26 03:08:15.281+07	4	38	1	1	20	\N
1266	0	df347c56-acea-492e-beb4-6613757dcb8f	t1.jpg	image/jpeg	2018-03-26 03:08:52.338+07	2018-03-26 03:08:52.338+07	1	37	1	1	19	\N
1267	1	726c5b51-fed5-4600-bba5-ef9d43376507	08-17_КМ.pdf	application/pdf	2018-03-26 03:16:41.618+07	2018-03-26 03:16:41.618+07	\N	\N	1	1	\N	\N
1268	0	a94707a1-13dd-4afd-ad80-7fb1e3b79cc9	page-0.jpg	\N	2018-03-26 03:16:47.944+07	2018-03-26 03:16:47.944+07	1	38	1	1	24	\N
1269	0	67a87c35-9279-401b-a19d-19d680ea95c1	page-1.jpg	\N	2018-03-26 03:16:51.998+07	2018-03-26 03:16:51.998+07	2	38	1	1	24	\N
1270	0	15657a3f-3d99-43a2-9414-8103f7e1deb7	page-2.jpg	\N	2018-03-26 03:16:56.636+07	2018-03-26 03:16:56.636+07	3	38	1	1	24	\N
1271	0	28a7b6c2-3f6b-4af1-b8c9-6ef9c9eeaa4b	page-3.jpg	\N	2018-03-26 03:17:01.173+07	2018-03-26 03:17:01.173+07	4	38	1	1	24	\N
1272	0	dd752cde-058e-40c7-8302-2c616511ad20	page-4.jpg	\N	2018-03-26 03:17:04.917+07	2018-03-26 03:17:04.917+07	5	38	1	1	24	\N
1273	0	f5374b74-3071-4aa4-9593-43236036ddaa	page-5.jpg	\N	2018-03-26 03:17:08.501+07	2018-03-26 03:17:08.501+07	6	38	1	1	24	\N
1274	0	a8ce23e2-9088-4f99-abf3-9681b7a0d031	page-6.jpg	\N	2018-03-26 03:17:12.049+07	2018-03-26 03:17:12.049+07	7	38	1	1	24	\N
1275	0	d5a9cf74-7edb-4c0d-b983-740dae5df247	page-7.jpg	\N	2018-03-26 03:17:15.658+07	2018-03-26 03:17:15.658+07	8	38	1	1	24	\N
1276	0	c0b0aac2-0141-4a35-abee-dec3d0fa72a4	page-8.jpg	\N	2018-03-26 03:17:20.487+07	2018-03-26 03:17:20.487+07	9	38	1	1	24	\N
1277	0	f39629cf-2f60-453b-8c8f-978b8ee1f2fc	page-9.jpg	\N	2018-03-26 03:17:25.201+07	2018-03-26 03:17:25.201+07	10	38	1	1	24	\N
1278	0	95df683e-48e9-42eb-b1ef-e2568bac04d1	page-10.jpg	\N	2018-03-26 03:17:28.953+07	2018-03-26 03:17:28.953+07	11	38	1	1	24	\N
1279	0	7789fa47-1aa8-4e8c-97c3-3e4798ef8cd0	page-11.jpg	\N	2018-03-26 03:17:32.578+07	2018-03-26 03:17:32.578+07	12	38	1	1	24	\N
1280	0	3b9ce7b4-7e48-4a05-9048-9a0418f1fbaa	page-12.jpg	\N	2018-03-26 03:17:36.405+07	2018-03-26 03:17:36.405+07	13	38	1	1	24	\N
1281	0	797e5d2a-023f-48cc-9d81-0c38c283ab45	page-13.jpg	\N	2018-03-26 03:17:40.824+07	2018-03-26 03:17:40.824+07	14	38	1	1	24	\N
1282	0	d1bf5bad-42cb-40e8-8837-7136522513e4	page-14.jpg	\N	2018-03-26 03:17:44.59+07	2018-03-26 03:17:44.59+07	15	38	1	1	24	\N
1283	0	d56564b9-8d3f-48ee-89a1-d56a57b3bb82	page-15.jpg	\N	2018-03-26 03:17:48.98+07	2018-03-26 03:17:48.98+07	16	38	1	1	24	\N
1284	0	a52c3710-25af-4549-9e06-7b3d7096db36	page-16.jpg	\N	2018-03-26 03:17:53.403+07	2018-03-26 03:17:53.403+07	17	38	1	1	24	\N
1285	0	287dc6de-1b8e-41fb-8dc0-eaa64f599e52	page-17.jpg	\N	2018-03-26 03:17:57.656+07	2018-03-26 03:17:57.656+07	18	38	1	1	24	\N
1286	0	7bc2e6cc-2f48-4175-922a-6f1b14144add	page-18.jpg	\N	2018-03-26 03:18:01.325+07	2018-03-26 03:18:01.325+07	19	38	1	1	24	\N
1287	0	2ba3b902-7f21-439c-8792-cfbefeb7e4e3	page-19.jpg	\N	2018-03-26 03:18:05.13+07	2018-03-26 03:18:05.13+07	20	38	1	1	24	\N
1288	0	58fa4f10-cfdd-489e-8a13-f2f49d281542	page-20.jpg	\N	2018-03-26 03:18:08.944+07	2018-03-26 03:18:08.944+07	21	38	1	1	24	\N
1289	0	972f23c0-92da-4fcb-8fce-098ace71385e	page-21.jpg	\N	2018-03-26 03:18:12.542+07	2018-03-26 03:18:12.542+07	22	38	1	1	24	\N
1290	0	b210c67e-c458-4d62-becf-aec0a6444766	page-22.jpg	\N	2018-03-26 03:18:16.209+07	2018-03-26 03:18:16.209+07	23	38	1	1	24	\N
1291	0	bdb8b458-3c9c-4c67-a89e-7f2804bdfad8	page-23.jpg	\N	2018-03-26 03:18:19.897+07	2018-03-26 03:18:19.897+07	24	38	1	1	24	\N
1292	0	b110a206-0dfd-4d12-9ef4-079bc1964535	page-24.jpg	\N	2018-03-26 03:18:23.464+07	2018-03-26 03:18:23.464+07	25	38	1	1	24	\N
1293	0	41dd9e30-4e05-45cc-9f1d-24d13009e80b	page-25.jpg	\N	2018-03-26 03:18:27.064+07	2018-03-26 03:18:27.064+07	26	38	1	1	24	\N
1294	0	110c2b9c-c5aa-449c-acf5-2ca4500e5bc1	page-26.jpg	\N	2018-03-26 03:18:30.698+07	2018-03-26 03:18:30.698+07	27	38	1	1	24	\N
1295	0	d95a4e3e-5618-4fae-b593-287a7c9aec3f	page-27.jpg	\N	2018-03-26 03:18:34.309+07	2018-03-26 03:18:34.309+07	28	38	1	1	24	\N
1296	0	cb87dea4-502b-4318-a8e3-9cc0488a2c90	page-28.jpg	\N	2018-03-26 03:18:37.929+07	2018-03-26 03:18:37.929+07	29	38	1	1	24	\N
1297	0	1dce7f82-f55b-4a3a-8c46-d48d1fcb3e58	page-29.jpg	\N	2018-03-26 03:18:41.692+07	2018-03-26 03:18:41.692+07	30	38	1	1	24	\N
1298	0	ce6b791d-84ea-4a78-872e-afce961d551b	page-30.jpg	\N	2018-03-26 03:18:45.514+07	2018-03-26 03:18:45.514+07	31	38	1	1	24	\N
1299	0	6e227889-ef2a-45df-931b-ddd5ee5a9f77	page-31.jpg	\N	2018-03-26 03:18:49.892+07	2018-03-26 03:18:49.892+07	32	38	1	1	24	\N
1300	0	be09e009-e6fc-4c81-9208-9241cf719bbe	page-32.jpg	\N	2018-03-26 03:18:54.4+07	2018-03-26 03:18:54.4+07	33	38	1	1	24	\N
1301	0	3509b26f-a7c1-45f7-b346-bc68a7ce0de5	page-33.jpg	\N	2018-03-26 03:18:58.043+07	2018-03-26 03:18:58.043+07	34	38	1	1	24	\N
1302	0	9dd1a043-a72c-4373-9d37-a78a0283256b	apples.jpeg	image/jpeg	2018-04-06 04:13:19.263+07	2018-04-06 04:13:19.263+07	\N	\N	1	1	\N	\N
1303	0	aef456d8-4657-4064-bbea-90bd3a53f9b7	apples.jpeg	image/jpeg	2018-04-12 02:26:23.796+07	2018-04-12 02:26:23.796+07	\N	\N	1	1	\N	\N
1304	1	7396b09c-cf5c-4db3-8557-7432d1626162	08-17_КМ.pdf	application/pdf	2018-04-17 22:20:23.586+07	2018-04-17 22:20:23.586+07	\N	\N	1	1	\N	\N
1305	0	db388bbb-cdca-4937-9497-d01ff42476ed	page-0.jpg	\N	2018-04-17 22:20:33.502+07	2018-04-17 22:20:33.502+07	1	42	1	1	28	\N
1306	0	a9d13cb9-b301-4cf0-b503-96effa9c07b1	page-1.jpg	\N	2018-04-17 22:20:38.385+07	2018-04-17 22:20:38.385+07	2	42	1	1	28	\N
1307	0	e132dd3a-0cdf-4e44-b530-58a190be2971	page-2.jpg	\N	2018-04-17 22:20:43.282+07	2018-04-17 22:20:43.282+07	3	42	1	1	28	\N
1308	0	0f72081d-96bc-4ff5-8d3c-6865aed96237	page-3.jpg	\N	2018-04-17 22:20:48.019+07	2018-04-17 22:20:48.019+07	4	42	1	1	28	\N
1309	0	82aed78b-e9d3-48a1-b283-b7ee71db72fe	page-4.jpg	\N	2018-04-17 22:20:51.987+07	2018-04-17 22:20:51.987+07	5	42	1	1	28	\N
1310	0	095e6df6-f3fd-4783-8e2b-ad0473f65102	page-5.jpg	\N	2018-04-17 22:20:55.869+07	2018-04-17 22:20:55.869+07	6	42	1	1	28	\N
1311	0	7a981981-c523-4df9-b1c5-27c816f65589	page-6.jpg	\N	2018-04-17 22:21:01.7+07	2018-04-17 22:21:01.7+07	7	42	1	1	28	\N
1312	0	59d21b34-05ee-459d-bbf9-652f0cbced07	page-7.jpg	\N	2018-04-17 22:21:05.415+07	2018-04-17 22:21:05.415+07	8	42	1	1	28	\N
1313	0	338f9f0c-4b48-4fed-a022-9da619d0a35d	page-8.jpg	\N	2018-04-17 22:21:09.082+07	2018-04-17 22:21:09.082+07	9	42	1	1	28	\N
1314	0	c0a98d15-89de-42fe-b7c5-6fa26e0ed9fe	page-9.jpg	\N	2018-04-17 22:21:12.744+07	2018-04-17 22:21:12.744+07	10	42	1	1	28	\N
1315	0	df4ea625-6890-4d0e-9724-261570b45f98	page-10.jpg	\N	2018-04-17 22:21:16.504+07	2018-04-17 22:21:16.504+07	11	42	1	1	28	\N
1316	0	1817af12-7c9d-4c11-b9d7-c681f5933344	page-11.jpg	\N	2018-04-17 22:21:21.231+07	2018-04-17 22:21:21.231+07	12	42	1	1	28	\N
1317	0	ede4e1d6-bcf4-415b-9944-1e499d7f38b6	page-12.jpg	\N	2018-04-17 22:21:25.895+07	2018-04-17 22:21:25.895+07	13	42	1	1	28	\N
1318	0	bd94697a-81d3-4363-92fb-665f7bcef243	page-13.jpg	\N	2018-04-17 22:21:30.302+07	2018-04-17 22:21:30.302+07	14	42	1	1	28	\N
1319	0	e789f701-7eb7-44e2-8ece-d0aa0038b561	page-14.jpg	\N	2018-04-17 22:21:34.528+07	2018-04-17 22:21:34.528+07	15	42	1	1	28	\N
1320	0	9a542c6d-52d2-441b-9e82-99acf215170a	page-15.jpg	\N	2018-04-17 22:21:38.623+07	2018-04-17 22:21:38.623+07	16	42	1	1	28	\N
1321	0	2f182e1e-80af-4a76-a95b-735fc84c0294	page-16.jpg	\N	2018-04-17 22:21:42.702+07	2018-04-17 22:21:42.702+07	17	42	1	1	28	\N
1322	0	3cdf8843-5161-42d1-a2aa-d6dfbe63a8aa	page-17.jpg	\N	2018-04-17 22:21:46.673+07	2018-04-17 22:21:46.673+07	18	42	1	1	28	\N
1323	0	df475e79-883e-4787-8443-4be515c3365b	page-18.jpg	\N	2018-04-17 22:21:50.756+07	2018-04-17 22:21:50.756+07	19	42	1	1	28	\N
1324	0	8db6c751-c4d3-46e5-adba-dc770818de29	page-19.jpg	\N	2018-04-17 22:21:55.101+07	2018-04-17 22:21:55.101+07	20	42	1	1	28	\N
1325	0	8b87242c-dc4d-4d1c-a679-07090fdd120b	page-20.jpg	\N	2018-04-17 22:21:58.952+07	2018-04-17 22:21:58.952+07	21	42	1	1	28	\N
1326	0	b5ee2278-84b8-4bed-ba9a-d338e920d726	page-21.jpg	\N	2018-04-17 22:22:02.422+07	2018-04-17 22:22:02.422+07	22	42	1	1	28	\N
1327	0	02cda89e-747f-4369-8a42-f5678f1bff8b	page-22.jpg	\N	2018-04-17 22:22:05.898+07	2018-04-17 22:22:05.898+07	23	42	1	1	28	\N
1328	0	e4fd0f20-207d-41b3-ad83-3d64d8f1c7c6	page-23.jpg	\N	2018-04-17 22:22:09.548+07	2018-04-17 22:22:09.548+07	24	42	1	1	28	\N
1329	0	925a393f-0583-4715-aa1f-0e853c6e4a26	page-24.jpg	\N	2018-04-17 22:22:13.043+07	2018-04-17 22:22:13.043+07	25	42	1	1	28	\N
1330	0	24274f3c-ac45-40b8-9493-485f75efddd3	page-25.jpg	\N	2018-04-17 22:22:16.764+07	2018-04-17 22:22:16.764+07	26	42	1	1	28	\N
1331	0	c7c3d783-ef8f-44c5-bf20-3111e6e41bd7	page-26.jpg	\N	2018-04-17 22:22:20.359+07	2018-04-17 22:22:20.359+07	27	42	1	1	28	\N
1332	0	2da09556-782a-4114-b959-9001296003d6	page-27.jpg	\N	2018-04-17 22:22:24.147+07	2018-04-17 22:22:24.147+07	28	42	1	1	28	\N
1333	0	8c172212-e39a-443e-b927-16d9b684f2ae	page-28.jpg	\N	2018-04-17 22:22:27.82+07	2018-04-17 22:22:27.82+07	29	42	1	1	28	\N
1334	0	6094c8fe-d50d-4b6f-8ff7-063c6a2ed66e	page-29.jpg	\N	2018-04-17 22:22:32.247+07	2018-04-17 22:22:32.247+07	30	42	1	1	28	\N
1335	0	500cd389-48db-44ab-b091-72ccc06a13b3	page-30.jpg	\N	2018-04-17 22:22:36.811+07	2018-04-17 22:22:36.811+07	31	42	1	1	28	\N
1336	0	b5d887d1-c421-43af-940b-3fbd0290c38f	page-31.jpg	\N	2018-04-17 22:22:42.315+07	2018-04-17 22:22:42.315+07	32	42	1	1	28	\N
1337	0	986bd374-3f55-4a81-81c6-9111fa148223	page-32.jpg	\N	2018-04-17 22:22:47.76+07	2018-04-17 22:22:47.76+07	33	42	1	1	28	\N
1338	0	b4f55200-73e4-495c-a824-73057729f13c	page-33.jpg	\N	2018-04-17 22:22:52.726+07	2018-04-17 22:22:52.726+07	34	42	1	1	28	\N
1339	0	4785d7ac-cf1a-4e5a-bd7d-f1b1227e392b	apples.jpeg	image/jpeg	2018-04-19 04:34:54.334+07	2018-04-19 04:34:54.334+07	\N	\N	1	1	\N	\N
1341	0	4e64f3e3-325a-4a0b-96e9-3f05c5cab39c	k.jpg	image/jpeg	2018-04-19 05:12:18.89+07	2018-04-19 05:12:18.89+07	\N	\N	1	1	\N	\N
1342	0	91683d7a-7ec6-4a82-979d-ea4f407c23e2	apples.jpeg	image/jpeg	2018-04-19 05:13:51.412+07	2018-04-19 05:13:51.412+07	\N	\N	1	1	\N	\N
1343	0	3ad2ffd7-5c3e-48f7-ab94-db49c229cfb3	k.jpg	image/jpeg	2018-04-20 03:32:35.522+07	2018-04-20 03:32:35.522+07	\N	\N	1	1	\N	\N
1344	0	48b314cd-d97c-41e4-8908-6cbc02823c4c	apples.jpeg	image/jpeg	2018-04-20 03:37:58.017+07	2018-04-20 03:37:58.017+07	\N	\N	1	1	\N	\N
1345	0	b17581e0-23e1-4555-9ac7-d2422e14acc2	k.jpg	image/jpeg	2018-04-20 03:38:53.246+07	2018-04-20 03:38:53.246+07	\N	\N	1	1	\N	\N
1346	0	5c2f8986-6598-444e-a626-87527e52e91e	k.jpg	image/jpeg	2018-04-20 04:35:48.401+07	2018-04-20 04:35:48.401+07	\N	\N	1	1	\N	\N
1347	0	ddc12270-92df-4d0c-9e4e-2f461d371456	apples.jpeg	image/jpeg	2018-04-20 04:36:12.616+07	2018-04-20 04:36:12.616+07	\N	\N	1	1	\N	\N
1348	1	695fde11-89db-42af-9f1f-da3812b05b9a	08-17_КМ.pdf	application/pdf	2018-04-22 15:27:25.65+07	2018-04-22 15:27:25.65+07	\N	\N	1	1	\N	\N
1349	0	217a2946-b932-4d18-8cc8-c4b2eb2c6b44	page-0.jpg	\N	2018-04-22 15:27:37.296+07	2018-04-22 15:27:37.296+07	1	81	1	1	34	\N
1352	0	26e49f84-ec6d-4c47-861b-9e61d9f57eaf	page-3.jpg	\N	2018-04-22 15:27:53.547+07	2018-04-22 15:27:53.547+07	4	81	1	1	34	\N
1353	0	dacbbceb-fb97-4446-b7e5-f84399dc40fd	page-4.jpg	\N	2018-04-22 15:27:57.597+07	2018-04-22 15:27:57.597+07	5	81	1	1	34	\N
1354	0	a3bea34f-987c-4419-93ed-bfd152755773	page-5.jpg	\N	2018-04-22 15:28:01.809+07	2018-04-22 15:28:01.809+07	6	81	1	1	34	\N
1355	0	dfc5b6aa-5649-441f-9d22-f39c42ecd441	page-6.jpg	\N	2018-04-22 15:28:05.984+07	2018-04-22 15:28:05.984+07	7	81	1	1	34	\N
1356	0	41c393ce-12db-4f23-9fa6-cd59212a3cc3	page-7.jpg	\N	2018-04-22 15:28:10.063+07	2018-04-22 15:28:10.063+07	8	81	1	1	34	\N
1357	0	fcda5a4f-7e67-4f6d-96a7-2ec10e40f516	page-8.jpg	\N	2018-04-22 15:28:14.13+07	2018-04-22 15:28:14.13+07	9	81	1	1	34	\N
1358	0	50fc960e-cb06-41ea-94c2-117775574431	page-9.jpg	\N	2018-04-22 15:28:18.178+07	2018-04-22 15:28:18.178+07	10	81	1	1	34	\N
1359	0	1d97a365-9d90-4c63-b8a6-62bf6f96ef28	page-10.jpg	\N	2018-04-22 15:28:21.89+07	2018-04-22 15:28:21.89+07	11	81	1	1	34	\N
1362	0	132e6d15-6521-4d37-8cca-1f7c66512d91	page-13.jpg	\N	2018-04-22 15:28:33.541+07	2018-04-22 15:28:33.541+07	14	81	1	1	34	\N
1363	0	3ac7c8c2-68e6-4dd1-88fb-2c16b583acd9	page-14.jpg	\N	2018-04-22 15:28:37.467+07	2018-04-22 15:28:37.467+07	15	81	1	1	34	\N
1364	0	fecd379e-56ff-4894-86bd-496374afb0e4	page-15.jpg	\N	2018-04-22 15:28:41.619+07	2018-04-22 15:28:41.619+07	16	81	1	1	34	\N
1365	0	523e226e-4627-45b9-b08a-48b68b766744	page-16.jpg	\N	2018-04-22 15:28:46.458+07	2018-04-22 15:28:46.458+07	17	81	1	1	34	\N
1366	0	3eb28135-56f9-49a7-a753-07428d0ad275	page-17.jpg	\N	2018-04-22 15:28:53.744+07	2018-04-22 15:28:53.744+07	18	81	1	1	34	\N
1367	0	36b9c629-640e-43a0-8c04-363e646db232	page-18.jpg	\N	2018-04-22 15:29:02.751+07	2018-04-22 15:29:02.751+07	19	81	1	1	34	\N
1368	0	78d2eeb1-2906-4e1b-8eb7-c575160e4cdc	page-19.jpg	\N	2018-04-22 15:29:07.98+07	2018-04-22 15:29:07.98+07	20	81	1	1	34	\N
1369	0	034a644d-29a9-4848-a133-f006a1960e9a	page-20.jpg	\N	2018-04-22 15:29:12.858+07	2018-04-22 15:29:12.858+07	21	81	1	1	34	\N
1370	0	da5a0795-2b48-41bd-9622-99cbb7c7fd42	page-21.jpg	\N	2018-04-22 15:29:20.316+07	2018-04-22 15:29:20.316+07	22	81	1	1	34	\N
1371	0	48478db8-a6a7-43f0-9dac-594a26ddd161	page-22.jpg	\N	2018-04-22 15:29:27.876+07	2018-04-22 15:29:27.876+07	23	81	1	1	34	\N
1372	0	1afe2c24-dc9f-4e3f-8cd3-b1061cc8028a	page-23.jpg	\N	2018-04-22 15:29:35.884+07	2018-04-22 15:29:35.884+07	24	81	1	1	34	\N
1373	0	4c08304a-9287-46b3-b1fe-604d75b77fc2	page-24.jpg	\N	2018-04-22 15:29:51.293+07	2018-04-22 15:29:51.293+07	25	81	1	1	34	\N
1374	0	6c5e4ab9-3a9d-48ce-ac60-0218f81cd069	page-25.jpg	\N	2018-04-22 15:30:06.572+07	2018-04-22 15:30:06.572+07	26	81	1	1	34	\N
1375	0	0b8439ea-87a8-40cd-81c4-fea761726414	page-26.jpg	\N	2018-04-22 15:30:19.595+07	2018-04-22 15:30:19.595+07	27	81	1	1	34	\N
1377	0	81494ef5-477e-4cbe-b2fa-e77bfc8bbde1	page-28.jpg	\N	2018-04-22 15:30:29.117+07	2018-04-22 15:30:29.117+07	29	81	1	1	34	\N
1378	0	5b68f43d-c1a3-400a-ad4b-be68e887d9c0	page-29.jpg	\N	2018-04-22 15:30:36.001+07	2018-04-22 15:30:36.001+07	30	81	1	1	34	\N
1350	0	c0174a23-68aa-42a9-b7b8-5727b0585ac3	page-1.jpg	\N	2018-04-22 15:27:43.758+07	2018-05-26 12:30:57.382+07	123	81	1	1	34	t
1361	0	684c6a06-3e07-4046-a398-d390d5d09686	page-12.jpg	\N	2018-04-22 15:28:29.746+07	2018-04-28 04:50:12.028+07	13	81	1	1	34	t
1360	0	996f2085-af39-4fca-8282-826282294c8f	page-11.jpg	\N	2018-04-22 15:28:25.652+07	2018-04-28 04:50:13.254+07	12	81	1	1	34	t
1376	0	c22cb4fc-eca4-4c89-b4a2-2a38982871c9	page-27.jpg	\N	2018-04-22 15:30:23.655+07	2018-05-07 02:48:23.436+07	28	81	1	1	34	t
1340	0	8b9ac6c9-6106-4876-bc26-b7a5e448250b	2017-11-25 14.03.59.jpg	image/jpeg	2018-04-19 04:56:59.533+07	2018-05-26 12:24:23.371+07	124	\N	1	1	\N	t
1379	0	f92e8e8e-e5d2-413c-b46c-177aad0443d2	page-30.jpg	\N	2018-04-22 15:30:43.387+07	2018-04-22 15:30:43.387+07	31	81	1	1	34	\N
1380	0	15a0dcbe-0363-4df3-a646-daef3e700d82	page-31.jpg	\N	2018-04-22 15:30:49.594+07	2018-04-22 15:30:49.594+07	32	81	1	1	34	\N
1381	0	c25b28a1-5f43-4596-b5ed-2f4ba70754da	page-32.jpg	\N	2018-04-22 15:31:10.042+07	2018-04-22 15:31:10.042+07	33	81	1	1	34	\N
1351	0	4f581a5e-b6ee-49b9-b025-b4c177e657a5	page-2.jpg	\N	2018-04-22 15:27:48.732+07	2018-04-28 04:45:01.561+07	3	81	1	1	34	t
1382	0	74a7f377-06ae-4c5e-bc48-6a455272576c	page-33.jpg	\N	2018-04-22 15:31:25.686+07	2018-05-07 02:48:26.151+07	34	81	1	1	34	t
1383	0	1159cce8-87df-4558-b3bf-47e3fe56be67	apples.jpeg	image/jpeg	2018-08-11 16:27:47.763+07	2018-08-11 16:27:47.763+07	1	82	1	1	37	\N
1384	0	a98c906b-7d40-4770-8d6c-0035921ae7ff	20180215_103802 (4).jpg	image/jpeg	2018-09-21 12:25:37.229+07	2018-09-21 12:25:47.953+07	1	31	1	1	13	f
1385	1	1caa4f51-7d0d-4d98-a5a8-3ea58a397ddd	01-18_Том 3_АР.Изм.1_1.pdf	application/pdf	2018-09-25 09:51:45.452+07	2018-09-25 09:51:45.452+07	\N	\N	1	1	\N	\N
1386	1	ef920dc9-0a95-49ed-9980-f8224138ad13	08-17 ПЗУ.pdf	application/pdf	2018-09-25 09:53:36.998+07	2018-09-25 09:53:36.998+07	\N	\N	1	1	\N	\N
1387	1	01fe13f5-d4a4-4312-b3bc-a4d5a8ee5e6f	08-17 ПЗУ.pdf	application/pdf	2018-09-25 09:54:19.824+07	2018-09-25 09:54:19.824+07	\N	\N	1	1	\N	\N
1388	1	ac61b790-ad63-41bb-96ac-d9bc057f241c	08-17 ПЗУ.pdf	application/pdf	2018-09-25 10:01:16.588+07	2018-09-25 10:01:16.588+07	\N	\N	1	1	\N	\N
1389	1	7c0fc714-ba85-4103-b441-065765ad4aa1	08-17 ПЗУ.pdf	application/pdf	2018-09-25 10:03:15.922+07	2018-09-25 10:03:15.922+07	\N	\N	1	1	\N	\N
1390	1	33907ff2-294b-4bac-8eed-c90b42b19ebd	08-17 ПЗУ.pdf	application/pdf	2018-09-25 10:29:35.507+07	2018-09-25 10:29:35.507+07	\N	\N	1	1	\N	\N
1391	1	0a51f9a0-470f-406b-822b-c3974dc128e6	08-17_КМ.pdf	application/pdf	2018-09-25 10:30:41.527+07	2018-09-25 10:30:41.527+07	\N	\N	1	1	\N	\N
1392	1	589831b7-2a00-47f8-9ec0-2dd1b97a7eb8	08-17 ПЗУ.pdf	application/pdf	2018-09-25 10:31:23.271+07	2018-09-25 10:31:23.271+07	\N	\N	1	1	\N	\N
1393	1	260392ba-f0e4-47ac-8d83-b70236406fa5	08-17_КМ.pdf	application/pdf	2018-09-25 10:32:08.054+07	2018-09-25 10:32:08.054+07	\N	\N	1	1	\N	\N
1394	0	ba301f61-9513-433b-8e72-76f816c14d20	20180215_103802 (4).jpg	image/jpeg	2018-09-25 13:39:38.935+07	2018-09-25 13:39:38.935+07	\N	\N	1	1	\N	\N
1395	1	aedb2ba6-856e-4aff-a123-374632c34634	01-18_Том 3_АР.Изм.1_1.pdf	application/pdf	2018-09-25 13:47:24.017+07	2018-09-25 13:47:24.017+07	\N	\N	1	1	\N	\N
1396	1	ba9e38ac-20e3-45e8-8f77-1d24d3f25ce7	08-17 ПЗУ.pdf	application/pdf	2018-09-25 13:48:30.253+07	2018-09-25 13:48:30.253+07	\N	\N	1	1	\N	\N
1397	1	4669eed4-11db-4ea7-a9e6-d84ac03eec4e	01-18_Том 3_АР.Изм.1_1.pdf	application/pdf	2018-09-25 13:49:58.196+07	2018-09-25 13:49:58.196+07	\N	\N	1	1	\N	\N
1398	1	4c492744-a62b-436d-99c4-7b09f211b27d	01-18_Том 3_АР.Изм.1_1.pdf	application/pdf	2018-09-25 13:51:23.022+07	2018-09-25 13:51:23.022+07	\N	\N	1	1	\N	\N
1399	1	312ca20c-cd02-4545-8e5e-7985232470c5	08-17 ПЗУ.pdf	application/pdf	2018-09-25 13:52:44.133+07	2018-09-25 13:52:44.133+07	\N	\N	1	1	\N	\N
1400	1	dbebbbb6-e518-4283-94dc-317eb60ef127	01-18_Том 3_АР.Изм.1_1.pdf	application/pdf	2018-09-26 07:39:08.025+07	2018-09-26 07:39:08.025+07	\N	\N	1	1	\N	\N
1401	0	63519a47-390f-44d7-b44c-275f9b402e56	apples.jpeg	image/jpeg	2018-11-01 06:33:45.778+07	2018-11-01 06:33:45.778+07	\N	\N	1	1	\N	\N
1402	0	a907675e-e236-42db-a5e4-0de65d1d6998	apples.jpeg	image/jpeg	2018-11-01 06:36:51.621+07	2018-11-01 06:36:51.621+07	\N	\N	1	1	\N	\N
1403	0	44d28b54-24b6-48e5-bb7d-01934ecaedb5	13136_original.jpg	image/jpeg	2018-11-02 15:40:33.568+07	2018-11-02 15:40:33.568+07	\N	\N	1	1	\N	\N
1404	0	07ad8594-79ee-4f60-a89a-65454aba9a92	13136_original.jpg	image/jpeg	2018-11-02 15:41:20.983+07	2018-11-02 15:41:20.983+07	\N	\N	1	1	\N	\N
1405	0	d4d6807a-d600-4800-bbc9-a8be1d05b20e	13136_original.jpg	image/jpeg	2018-11-02 15:43:04.926+07	2018-11-02 15:43:04.926+07	\N	\N	1	1	\N	\N
1406	0	11e504eb-7a3a-4253-953b-d281048dbf41	13136_original.jpg	image/jpeg	2018-11-02 15:44:16.919+07	2018-11-02 15:44:16.919+07	\N	\N	1	1	\N	\N
1407	0	55fc163d-e646-400f-af58-3ba1abe8859d	13136_original.jpg	image/jpeg	2018-11-02 15:47:57.782+07	2018-11-02 15:47:57.782+07	\N	\N	1	1	\N	\N
1408	0	102bd121-d9b0-455f-b34c-a14b6c775bd4	apples.jpeg	image/jpeg	2018-11-02 15:48:19.226+07	2018-11-02 15:48:19.226+07	\N	\N	1	1	\N	\N
1409	0	c4692b1c-7206-4fc4-a8bd-ebbd3900c5b8	13136_original.jpg	image/jpeg	2018-11-02 15:51:45.619+07	2018-11-02 15:51:45.619+07	\N	\N	1	1	\N	\N
1410	0	507b2ba0-3258-4891-80cb-27027f0c1d37	apples.jpeg	image/jpeg	2018-11-02 15:51:52.523+07	2018-11-02 15:51:52.523+07	\N	\N	1	1	\N	\N
1411	0	e3821d09-5a45-431d-b458-c62828a6777f	apples.jpeg	image/jpeg	2018-11-02 15:52:15.509+07	2018-11-02 15:52:15.509+07	\N	\N	1	1	\N	\N
1412	0	af97381c-0a97-464c-b24c-8b1d704e02c8	apples.jpeg	image/jpeg	2018-11-02 15:52:36.625+07	2018-11-02 15:52:36.625+07	\N	\N	1	1	\N	\N
1413	0	63b60e4a-d4d7-472b-bed9-d673eb4ad399	apples.jpeg	image/jpeg	2018-11-02 15:57:40.561+07	2018-11-02 15:57:40.561+07	\N	\N	1	1	\N	\N
1414	0	37f543b1-7a80-4749-be0f-6a105ebec664	apples.jpeg	image/jpeg	2018-11-02 18:00:27.505+07	2018-11-02 18:00:27.505+07	\N	\N	1	1	\N	\N
1415	0	763eb09a-7830-4179-a82e-eeb7619b49b8	apples.jpeg	image/jpeg	2018-11-02 18:03:52.582+07	2018-11-02 18:03:52.582+07	\N	\N	1	1	\N	\N
1416	0	d1cf09e2-e640-4a7d-863a-2139d0cbc25b	apples.jpeg	image/jpeg	2018-11-06 14:43:32.301+07	2018-11-06 14:43:32.301+07	\N	\N	1	1	\N	\N
1417	0	2cd1a00a-2599-47da-845e-eff141abf783	13136_original.jpg	image/jpeg	2018-11-06 14:44:17.166+07	2018-11-06 14:44:17.166+07	\N	\N	1	1	\N	\N
1418	0	44f0a3ff-9a0b-480b-b640-856776bd065a	apples.jpeg	image/jpeg	2018-11-06 16:47:09.284+07	2018-11-06 16:47:09.284+07	\N	\N	1	1	\N	\N
1419	0	aae1156d-1d70-4507-af24-08f42c7fe958	t1 (1).jpg	image/jpeg	2019-02-25 11:17:51.24+07	2019-02-27 10:14:07.8+07	1	88	1	1	65	f
1423	0	7acd6fe2-a0d8-41d1-9153-da30fa5605c1	Project_document_edit_page_dialog_full.png	image/png	2019-02-27 10:14:43.076+07	2019-02-27 10:36:44.289+07	5	88	1	1	65	f
1420	0	2d8be573-a464-45eb-8d5c-3cb2d448e906	20180313_113352.jpg	image/jpeg	2019-02-25 13:53:38.179+07	2019-02-27 10:15:06.362+07	2	88	1	1	65	t
1424	0	f1e88366-b3ef-4abc-b7bb-4642c73a93a0	Lenta_mdpi.png	image/png	2019-02-27 10:37:56.527+07	2019-02-27 10:38:02+07	1	88	1	1	42	f
1422	0	9a403acb-1a4b-42e2-8969-2af5f932d484	123.jpg	image/jpeg	2019-02-25 14:01:48.499+07	2019-02-27 10:29:40.719+07	4	88	1	1	65	f
1426	1	497487ae-3283-4615-9104-62269b6f641b	5a9f9987cb2ac.pdf	application/pdf	2019-03-24 21:46:08.078+07	2019-03-24 21:46:08.078+07	\N	\N	1	1	\N	\N
1421	0	00199ba6-1184-48c8-ad4d-37cb3f10c19d	dd9cb170d0d333be0af4217ea7a3958c.jpg	image/jpeg	2019-02-25 14:01:08.404+07	2019-02-27 11:34:00.794+07	3	88	1	1	65	t
1425	0	229e1b43-b1fb-4e27-a9e8-980531c71a92	IMG_03092017_110119_0.png	image/png	2019-02-27 11:37:00.054+07	2019-02-27 11:37:02.025+07	6	88	1	1	65	t
1427	1	ee24d627-e03a-43e8-bbb7-1e12dd2236db	5a9f9987cb2ac.pdf	application/pdf	2019-03-24 21:46:26.206+07	2019-03-24 21:46:26.206+07	\N	\N	1	1	\N	\N
1428	1	103f1dc0-1163-4c3f-bdac-2776ed5cf6ce	5a9f9987cb2ac.pdf	application/pdf	2019-03-24 21:48:58.133+07	2019-03-24 21:48:58.133+07	\N	\N	1	1	\N	\N
1429	0	4efc91ac-4e10-41c0-881c-c516b938b1cc	bg01.png	image/png	2019-03-25 08:52:24.783+07	2019-03-25 08:52:24.783+07	\N	\N	1	1	\N	\N
1430	0	63ee120d-53d8-4027-b82a-ca46ba245361	123.jpg	image/jpeg	2019-04-10 14:16:22.672+07	2019-04-10 14:16:22.672+07	1	88	1	1	70	t
1431	0	31e4d874-3286-4014-a2b3-be5a0e72a448	123.jpg	image/jpeg	2019-04-10 14:17:06.072+07	2019-04-10 14:17:06.072+07	1	88	1	1	71	t
1432	0	b75a6158-dc1b-4f71-9767-ae4eb76e5d1f	20180313_113352.jpg	image/jpeg	2019-04-10 14:18:25.888+07	2019-04-10 14:18:25.888+07	1	88	1	1	72	t
1434	0	a4ab7b74-5115-4804-ae2b-469c5d2688d9	20180313_113352.jpg	image/jpeg	2019-04-10 14:19:52.946+07	2019-04-10 14:19:52.946+07	6	88	1	1	73	t
1433	0	3cb16fb9-218c-4ab1-8d39-984940b502b8	1510770065.png	image/png	2019-04-10 14:19:52.945+07	2019-04-10 14:19:52.945+07	3	88	1	1	73	t
1435	0	f6a12f0b-5b3c-495a-9482-9dd864f551c8	1510770065.png	image/png	2019-04-10 14:21:25.939+07	2019-04-10 14:21:25.939+07	3	88	1	1	74	t
1437	0	86be2f2a-735e-480b-a736-9706404bc67e	123.jpg	image/jpeg	2019-04-12 17:08:09.638+07	2019-04-12 17:08:09.638+07	\N	\N	1	1	\N	\N
1436	0	f81d91b8-3cd6-47b6-b482-f8b1159311dc	20180313_113352.jpg	image/jpeg	2019-04-10 14:21:25.94+07	2019-04-10 14:21:25.94+07	6	88	1	1	74	t
\.


--
-- Data for Name: Groups; Type: TABLE DATA; Schema: public; Owner: postgres
--

COPY public."Groups" (id, name, "parentId", "createdAt", "updatedAt") FROM stdin;
2	Администраторы	\N	2018-09-19 23:12:57.166+07	2018-09-19 23:12:57.166+07
\.


--
-- Data for Name: Notes; Type: TABLE DATA; Schema: public; Owner: postgres
--

COPY public."Notes" (id, "userId", content, "createdAt", "updatedAt") FROM stdin;
1	\N	r98	2017-10-03 05:15:17.227+07	2017-10-04 01:41:16.453+07
2	\N	123123	2017-10-04 01:43:54.097+07	2017-10-04 01:43:54.097+07
30	1	sadf asd fas	2018-10-08 14:46:56.074+07	2018-10-08 14:46:56.074+07
31	1	фыва фыв	2018-10-22 16:36:27.298+07	2018-10-22 16:36:27.298+07
\.


--
-- Data for Name: Notifications; Type: TABLE DATA; Schema: public; Owner: postgres
--

COPY public."Notifications" (id, "userId", "eventId", status, "createdAt", "updatedAt", "rId") FROM stdin;
105	3	90	0	2019-05-25 00:11:01.307+07	2019-05-25 00:11:01.307+07	\N
106	44	90	0	2019-05-25 00:11:01.307+07	2019-05-25 00:11:01.307+07	\N
107	3	91	0	2019-05-28 18:13:22.789+07	2019-05-28 18:13:22.789+07	\N
108	44	91	0	2019-05-28 18:13:22.789+07	2019-05-28 18:13:22.789+07	\N
109	43	93	0	2019-06-03 15:44:08.17+07	2019-06-03 15:44:08.17+07	\N
110	44	94	0	2019-06-03 15:44:08.172+07	2019-06-03 15:44:08.172+07	\N
111	3	97	0	2019-06-03 15:59:24.635+07	2019-06-03 15:59:24.635+07	\N
112	44	99	0	2019-06-03 15:59:24.653+07	2019-06-03 15:59:24.653+07	\N
113	43	100	0	2019-06-03 15:59:24.663+07	2019-06-03 15:59:24.663+07	\N
114	43	102	0	2019-06-03 16:03:37.578+07	2019-06-03 16:03:37.578+07	\N
115	44	103	0	2019-06-03 16:03:37.583+07	2019-06-03 16:03:37.583+07	\N
116	43	107	0	2019-06-03 16:04:16.823+07	2019-06-03 16:04:16.823+07	\N
117	3	106	0	2019-06-03 16:04:16.823+07	2019-06-03 16:04:16.823+07	\N
118	44	108	0	2019-06-03 16:04:16.824+07	2019-06-03 16:04:16.824+07	\N
119	44	112	0	2019-06-03 16:05:47.948+07	2019-06-03 16:05:47.948+07	\N
120	43	111	0	2019-06-03 16:05:47.948+07	2019-06-03 16:05:47.948+07	\N
121	3	115	0	2019-06-03 16:09:05.743+07	2019-06-03 16:09:05.743+07	\N
122	44	117	0	2019-06-03 16:09:05.749+07	2019-06-03 16:09:05.749+07	\N
123	43	116	0	2019-06-03 16:09:05.754+07	2019-06-03 16:09:05.754+07	\N
124	43	120	0	2019-06-03 16:34:18.073+07	2019-06-03 16:34:18.073+07	\N
125	44	121	0	2019-06-03 16:34:18.084+07	2019-06-03 16:34:18.084+07	\N
126	3	123	0	2019-06-03 16:38:18.022+07	2019-06-03 16:38:18.022+07	\N
127	43	124	0	2019-06-03 16:38:18.023+07	2019-06-03 16:38:18.023+07	\N
128	44	125	0	2019-06-03 16:38:18.035+07	2019-06-03 16:38:18.035+07	\N
129	43	127	0	2019-06-03 16:40:02.893+07	2019-06-03 16:40:02.893+07	\N
130	44	128	0	2019-06-03 16:40:02.897+07	2019-06-03 16:40:02.897+07	\N
131	3	129	0	2019-06-03 16:42:11.936+07	2019-06-03 16:42:11.936+07	\N
132	3	130	0	2019-06-03 16:43:18.864+07	2019-06-03 16:43:18.864+07	\N
133	3	131	0	2019-06-03 16:46:39.907+07	2019-06-03 16:46:39.907+07	\N
134	3	132	0	2019-06-03 16:48:35.57+07	2019-06-03 16:48:35.57+07	\N
135	1	133	1	2019-06-03 16:49:05.899+07	2019-06-03 16:49:05.899+07	\N
\.


--
-- Data for Name: OrganizationUser; Type: TABLE DATA; Schema: public; Owner: postgres
--

COPY public."OrganizationUser" (id, "UserId", "OrganizationId", "createdAt", "updatedAt") FROM stdin;
1	1	1	2017-08-04 02:36:12.398+07	2017-08-04 02:36:12.398+07
3	38	1	2017-09-20 03:40:07.128+07	2017-09-20 03:40:07.128+07
4	27	1	2017-09-20 03:42:47.981+07	2017-09-20 03:42:47.981+07
6	1	2	2017-10-03 04:01:16.44+07	2017-10-03 04:01:16.44+07
9	44	2	2017-10-03 04:35:09.668+07	2017-10-03 04:35:09.668+07
10	3	2	2017-10-03 04:35:16.705+07	2017-10-03 04:35:16.705+07
11	43	2	2017-10-03 04:35:16.705+07	2017-10-03 04:35:16.705+07
12	49	1	2018-12-11 00:38:02.861+07	2018-12-11 00:38:02.861+07
\.


--
-- Data for Name: Organizations; Type: TABLE DATA; Schema: public; Owner: postgres
--

COPY public."Organizations" (id, name, "createdAt", "updatedAt") FROM stdin;
1	Главпромстрой	2017-08-04 02:36:01.058+07	2017-08-04 02:36:01.058+07
2	test1	2017-10-02 01:04:57.401+07	2017-10-02 01:04:57.401+07
3	test1123	2017-11-30 02:39:49.117+07	2017-11-30 02:39:49.117+07
\.


--
-- Data for Name: Positions; Type: TABLE DATA; Schema: public; Owner: postgres
--

COPY public."Positions" (id, name, "createdAt", "updatedAt") FROM stdin;
2	строитель	2017-04-04 00:00:00+07	2017-04-04 00:00:00+07
1	начальник	2017-04-04 00:00:00+07	2017-04-04 00:00:00+07
3	Архитектор	2019-05-07 12:05:42.514+07	2019-05-07 12:05:42.514+07
\.


--
-- Data for Name: ProjectUser; Type: TABLE DATA; Schema: public; Owner: postgres
--

COPY public."ProjectUser" (id, "UserId", "ProjectId", "createdAt", "updatedAt", "rightMask") FROM stdin;
4	3	2	2017-08-04 02:38:15.422+07	2017-08-04 02:38:15.422+07	7
5	43	3	2017-10-03 04:47:40.155+07	2017-10-03 04:47:40.155+07	7
6	44	3	2017-10-03 04:47:40.155+07	2017-10-03 04:47:40.155+07	7
7	3	3	2017-10-03 04:52:13.402+07	2017-10-03 04:52:13.402+07	7
8	44	2	2017-10-12 02:37:32.063+07	2017-10-12 02:37:32.063+07	7
9	1	2	2017-10-12 02:37:38.939+07	2017-10-12 02:37:38.939+07	7
10	1	12	2018-11-06 14:43:33.658+07	2018-11-06 14:43:33.658+07	7
11	1	13	2018-11-06 14:44:18.795+07	2018-11-06 14:44:18.795+07	7
12	1	14	2018-11-06 16:47:10.769+07	2018-11-06 16:47:10.769+07	7
19	1	15	2019-02-12 11:48:36.389+07	2019-02-12 11:48:36.389+07	\N
73	1	1	2019-06-03 16:49:02.767+07	2019-06-03 16:49:02.767+07	3
74	3	1	2019-06-03 16:49:02.767+07	2019-06-03 16:49:02.767+07	7
75	43	1	2019-06-03 16:49:02.767+07	2019-06-03 16:49:02.767+07	7
76	44	1	2019-06-03 16:49:02.767+07	2019-06-03 16:49:02.767+07	1
77	1	16	2019-06-03 23:56:37.563+07	2019-06-03 23:56:37.563+07	\N
78	1	17	2019-06-04 09:58:38.006+07	2019-06-04 09:58:38.006+07	7
79	1	18	2019-06-04 10:08:45.291+07	2019-06-04 10:08:45.291+07	7
\.


--
-- Data for Name: Projects; Type: TABLE DATA; Schema: public; Owner: postgres
--

COPY public."Projects" (id, title, "imageId", "createdAt", "updatedAt", "createdBy", "modifiedBy") FROM stdin;
2	Вилла Билла	\N	2017-08-04 02:38:09.193+07	2017-08-04 02:38:09.193+07	\N	\N
9	Project1	52	2017-10-13 04:43:14.281+07	2017-10-13 04:47:04.411+07	\N	\N
3	Test	60	2017-10-01 20:18:32.427+07	2017-10-16 02:43:07.793+07	\N	\N
1	Дом у моря	61	2017-08-04 02:35:04.901+07	2017-10-16 02:43:28.867+07	\N	\N
10	test project	1401	2018-11-01 06:33:54.344+07	2018-11-01 06:33:54.344+07	\N	\N
11	new project	1402	2018-11-01 06:36:52.672+07	2018-11-01 06:36:52.672+07	\N	\N
12	123	1416	2018-11-06 14:43:33.638+07	2018-11-06 14:43:33.638+07	\N	\N
13	123123	1417	2018-11-06 14:44:18.747+07	2018-11-06 14:44:18.747+07	\N	\N
14	123	1418	2018-11-06 16:47:10.694+07	2018-11-06 16:47:10.694+07	1	1
15	tet	\N	2019-02-12 11:48:36.376+07	2019-02-12 11:48:36.376+07	1	1
18	test123	\N	2019-06-04 10:08:45.277+07	2019-06-04 10:08:45.277+07	1	1
\.


--
-- Data for Name: RegistrationIds; Type: TABLE DATA; Schema: public; Owner: postgres
--

COPY public."RegistrationIds" (id, "regId", "deviceType", "userId", "createdAt", "updatedAt") FROM stdin;
5	cUUa0drkEJ8:APA91bFY82KXJQj2UDwi9AzZ0J7yDpMsckqKcGneRBRkhl4WebRW8AvnX3Dq_dI9YTyoGYmdxsL9M289YV__IKWMM7utQqmlqjJjmb8UsMvdjFSkRlp6IEcxWi8q9rvuaGwTdEKkRuD4	0	1	2019-04-01 14:32:12.712+07	2019-04-01 14:45:59.595+07
\.


--
-- Data for Name: Rights; Type: TABLE DATA; Schema: public; Owner: postgres
--

COPY public."Rights" (id, "refId", entity, operation, sign, "groupId", "userId", "createdAt", "updatedAt") FROM stdin;
\.


--
-- Data for Name: SequelizeMeta; Type: TABLE DATA; Schema: public; Owner: postgres
--

COPY public."SequelizeMeta" (name) FROM stdin;
001-user.js
001.1-user-position-id.js
002-project.js
003-document.js
003.1-document-multi-page.js
004-tokens.js
005-notes.js
006-projects-users.js
007-chat-messages.js
007.1-chat-rooms.js
007.2-chat-room-users.js
008-organization.js
009-organizations_users.js
010-event.js
011-notification.js
012-position.js
013-file.js
013.1-file.js
014-descriptor.js
015-task.js
015.1-task-doc-id.js
007.1.1-chat-rooms-lastMessageId.js
007.3-chat-message-attachments.js
003.2-document-version.js
013.2-file-document-version.js
003.3-document-version-for.js
001.2-user-registration.js
010.1-event-content.js
011.1-notifications-rid.js
016-registration-ids.js
003.4-document-short-title.js
017-group.js
002.1-project-by.js
003.5-document-by.js
018-user-groups.js
019-right.js
001.3-user-isAdmin.js
006.1-project-users-rights.js
006.2-project-users-rights-unique.js
001.4-user-registration2.js
007.4-chat-message-status.js
020-deep-link.js
\.


--
-- Data for Name: Tasks; Type: TABLE DATA; Schema: public; Owner: postgres
--

COPY public."Tasks" (id, log, "refId", type, status, "createdAt", "updatedAt", "docId") FROM stdin;
328	\N	1383	4	1	2018-08-11 16:27:47.798+07	2018-08-11 16:27:47.798+07	0
329	\N	1384	4	1	2018-09-21 12:25:37.251+07	2018-09-21 12:25:37.251+07	0
336	\N	1405	4	1	2018-11-02 15:43:04.941+07	2018-11-02 15:43:04.941+07	0
343	\N	1412	4	1	2018-11-02 15:52:36.639+07	2018-11-02 15:52:36.639+07	0
352	\N	1419	4	1	2019-02-25 11:17:51.254+07	2019-02-25 11:17:51.254+07	0
353	\N	68	1	1	2019-03-24 21:49:10.546+07	2019-03-24 21:49:10.546+07	113
330	\N	1394	4	1	2018-09-25 13:39:38.973+07	2018-09-25 13:39:38.973+07	0
337	\N	1406	4	1	2018-11-02 15:44:16.949+07	2018-11-02 15:44:16.949+07	0
344	\N	1413	4	1	2018-11-02 15:57:40.581+07	2018-11-02 15:57:40.581+07	0
331	\N	38	1	1	2018-09-26 07:39:15.688+07	2018-09-26 07:39:15.688+07	84
338	\N	1407	4	1	2018-11-02 15:47:57.813+07	2018-11-02 15:47:57.813+07	0
345	\N	1414	4	1	2018-11-02 18:00:27.543+07	2018-11-02 18:00:27.543+07	0
346	\N	1414	4	1	2018-11-02 18:00:29.371+07	2018-11-02 18:00:29.371+07	87
332	\N	1401	4	1	2018-11-01 06:33:45.906+07	2018-11-01 06:33:45.906+07	0
339	\N	1408	4	1	2018-11-02 15:48:19.242+07	2018-11-02 15:48:19.242+07	0
347	\N	1415	4	1	2018-11-02 18:03:52.603+07	2018-11-02 18:03:52.603+07	0
348	\N	1415	4	1	2018-11-02 18:03:54.302+07	2018-11-02 18:03:54.302+07	88
333	\N	1402	4	1	2018-11-01 06:36:51.652+07	2018-11-01 06:36:51.652+07	0
340	\N	1409	4	1	2018-11-02 15:51:45.69+07	2018-11-02 15:51:45.69+07	0
349	\N	1416	4	1	2018-11-06 14:43:32.339+07	2018-11-06 14:43:32.339+07	0
334	\N	1403	4	1	2018-11-02 15:40:33.63+07	2018-11-02 15:40:33.63+07	0
341	\N	1410	4	1	2018-11-02 15:51:52.536+07	2018-11-02 15:51:52.536+07	0
350	\N	1417	4	1	2018-11-06 14:44:17.201+07	2018-11-06 14:44:17.201+07	0
335	\N	1404	4	1	2018-11-02 15:41:21.012+07	2018-11-02 15:41:21.012+07	0
321	/Users/tony/Documents/repo/stroy/web/server/.store/documents/81/0/thumb_81494ef5-477e-4cbe-b2fa-e77bfc8bbde1.jpg	1377	4	3	2018-04-22 15:30:29.122+07	2018-04-22 15:34:24.316+07	34
327	/Users/tony/Documents/repo/stroy/web/server/.store/1/thumb_695fde11-89db-42af-9f1f-da3812b05b9a.jpg	34	3	3	2018-04-22 15:31:25.736+07	2018-04-22 15:34:59.14+07	81
310	/Users/tony/Documents/repo/stroy/web/server/.store/documents/81/0/thumb_3eb28135-56f9-49a7-a753-07428d0ad275.jpg	1366	4	3	2018-04-22 15:28:53.794+07	2018-04-22 15:33:21.09+07	34
292	Ok. 34	34	1	3	2018-04-22 15:27:30.564+07	2018-04-22 15:31:25.737+07	81
322	/Users/tony/Documents/repo/stroy/web/server/.store/documents/81/0/thumb_5b68f43d-c1a3-400a-ad4b-be68e887d9c0.jpg	1378	4	3	2018-04-22 15:30:36.011+07	2018-04-22 15:34:30.062+07	34
293	/Users/tony/Documents/repo/stroy/web/server/.store/documents/81/0/thumb_217a2946-b932-4d18-8cc8-c4b2eb2c6b44.jpg	1349	4	3	2018-04-22 15:27:37.37+07	2018-04-22 15:31:34.022+07	34
311	/Users/tony/Documents/repo/stroy/web/server/.store/documents/81/0/thumb_36b9c629-640e-43a0-8c04-363e646db232.jpg	1367	4	3	2018-04-22 15:29:02.799+07	2018-04-22 15:33:26.821+07	34
294	/Users/tony/Documents/repo/stroy/web/server/.store/documents/81/0/thumb_c0174a23-68aa-42a9-b7b8-5727b0585ac3.jpg	1350	4	3	2018-04-22 15:27:43.768+07	2018-04-22 15:31:42.068+07	34
342	\N	1411	4	1	2018-11-02 15:52:15.527+07	2018-11-02 15:52:15.527+07	0
295	/Users/tony/Documents/repo/stroy/web/server/.store/documents/81/0/thumb_4f581a5e-b6ee-49b9-b025-b4c177e657a5.jpg	1351	4	3	2018-04-22 15:27:48.745+07	2018-04-22 15:31:49.493+07	34
312	/Users/tony/Documents/repo/stroy/web/server/.store/documents/81/0/thumb_78d2eeb1-2906-4e1b-8eb7-c575160e4cdc.jpg	1368	4	3	2018-04-22 15:29:07.985+07	2018-04-22 15:33:32.571+07	34
296	/Users/tony/Documents/repo/stroy/web/server/.store/documents/81/0/thumb_26e49f84-ec6d-4c47-861b-9e61d9f57eaf.jpg	1352	4	3	2018-04-22 15:27:53.555+07	2018-04-22 15:31:57.759+07	34
323	/Users/tony/Documents/repo/stroy/web/server/.store/documents/81/0/thumb_f92e8e8e-e5d2-413c-b46c-177aad0443d2.jpg	1379	4	3	2018-04-22 15:30:43.41+07	2018-04-22 15:34:35.813+07	34
297	/Users/tony/Documents/repo/stroy/web/server/.store/documents/81/0/thumb_dacbbceb-fb97-4446-b7e5-f84399dc40fd.jpg	1353	4	3	2018-04-22 15:27:57.614+07	2018-04-22 15:32:04.451+07	34
313	/Users/tony/Documents/repo/stroy/web/server/.store/documents/81/0/thumb_034a644d-29a9-4848-a133-f006a1960e9a.jpg	1369	4	3	2018-04-22 15:29:12.863+07	2018-04-22 15:33:38.305+07	34
298	/Users/tony/Documents/repo/stroy/web/server/.store/documents/81/0/thumb_a3bea34f-987c-4419-93ed-bfd152755773.jpg	1354	4	3	2018-04-22 15:28:01.816+07	2018-04-22 15:32:11.252+07	34
351	\N	1418	4	1	2018-11-06 16:47:09.337+07	2018-11-06 16:47:09.337+07	0
299	/Users/tony/Documents/repo/stroy/web/server/.store/documents/81/0/thumb_dfc5b6aa-5649-441f-9d22-f39c42ecd441.jpg	1355	4	3	2018-04-22 15:28:06.005+07	2018-04-22 15:32:17.955+07	34
314	/Users/tony/Documents/repo/stroy/web/server/.store/documents/81/0/thumb_da5a0795-2b48-41bd-9622-99cbb7c7fd42.jpg	1370	4	3	2018-04-22 15:29:20.344+07	2018-04-22 15:33:44.083+07	34
300	/Users/tony/Documents/repo/stroy/web/server/.store/documents/81/0/thumb_41c393ce-12db-4f23-9fa6-cd59212a3cc3.jpg	1356	4	3	2018-04-22 15:28:10.07+07	2018-04-22 15:32:23.753+07	34
324	/Users/tony/Documents/repo/stroy/web/server/.store/documents/81/0/thumb_15a0dcbe-0363-4df3-a646-daef3e700d82.jpg	1380	4	3	2018-04-22 15:30:49.732+07	2018-04-22 15:34:41.586+07	34
301	/Users/tony/Documents/repo/stroy/web/server/.store/documents/81/0/thumb_fcda5a4f-7e67-4f6d-96a7-2ec10e40f516.jpg	1357	4	3	2018-04-22 15:28:14.159+07	2018-04-22 15:32:29.464+07	34
315	/Users/tony/Documents/repo/stroy/web/server/.store/documents/81/0/thumb_48478db8-a6a7-43f0-9dac-594a26ddd161.jpg	1371	4	3	2018-04-22 15:29:27.9+07	2018-04-22 15:33:49.802+07	34
302	/Users/tony/Documents/repo/stroy/web/server/.store/documents/81/0/thumb_50fc960e-cb06-41ea-94c2-117775574431.jpg	1358	4	3	2018-04-22 15:28:18.187+07	2018-04-22 15:32:35.21+07	34
303	/Users/tony/Documents/repo/stroy/web/server/.store/documents/81/0/thumb_1d97a365-9d90-4c63-b8a6-62bf6f96ef28.jpg	1359	4	3	2018-04-22 15:28:21.9+07	2018-04-22 15:32:40.948+07	34
316	/Users/tony/Documents/repo/stroy/web/server/.store/documents/81/0/thumb_1afe2c24-dc9f-4e3f-8cd3-b1061cc8028a.jpg	1372	4	3	2018-04-22 15:29:35.902+07	2018-04-22 15:33:55.546+07	34
304	/Users/tony/Documents/repo/stroy/web/server/.store/documents/81/0/thumb_996f2085-af39-4fca-8282-826282294c8f.jpg	1360	4	3	2018-04-22 15:28:25.667+07	2018-04-22 15:32:46.684+07	34
325	/Users/tony/Documents/repo/stroy/web/server/.store/documents/81/0/thumb_c25b28a1-5f43-4596-b5ed-2f4ba70754da.jpg	1381	4	3	2018-04-22 15:31:10.075+07	2018-04-22 15:34:47.705+07	34
305	/Users/tony/Documents/repo/stroy/web/server/.store/documents/81/0/thumb_684c6a06-3e07-4046-a398-d390d5d09686.jpg	1361	4	3	2018-04-22 15:28:29.755+07	2018-04-22 15:32:52.429+07	34
317	/Users/tony/Documents/repo/stroy/web/server/.store/documents/81/0/thumb_4c08304a-9287-46b3-b1fe-604d75b77fc2.jpg	1373	4	3	2018-04-22 15:29:51.373+07	2018-04-22 15:34:01.338+07	34
306	/Users/tony/Documents/repo/stroy/web/server/.store/documents/81/0/thumb_132e6d15-6521-4d37-8cca-1f7c66512d91.jpg	1362	4	3	2018-04-22 15:28:33.55+07	2018-04-22 15:32:58.156+07	34
307	/Users/tony/Documents/repo/stroy/web/server/.store/documents/81/0/thumb_3ac7c8c2-68e6-4dd1-88fb-2c16b583acd9.jpg	1363	4	3	2018-04-22 15:28:37.478+07	2018-04-22 15:33:03.898+07	34
318	/Users/tony/Documents/repo/stroy/web/server/.store/documents/81/0/thumb_6c5e4ab9-3a9d-48ce-ac60-0218f81cd069.jpg	1374	4	3	2018-04-22 15:30:06.658+07	2018-04-22 15:34:07.101+07	34
308	/Users/tony/Documents/repo/stroy/web/server/.store/documents/81/0/thumb_fecd379e-56ff-4894-86bd-496374afb0e4.jpg	1364	4	3	2018-04-22 15:28:41.629+07	2018-04-22 15:33:09.635+07	34
326	/Users/tony/Documents/repo/stroy/web/server/.store/documents/81/0/thumb_74a7f377-06ae-4c5e-bc48-6a455272576c.jpg	1382	4	3	2018-04-22 15:31:25.732+07	2018-04-22 15:34:53.415+07	34
309	/Users/tony/Documents/repo/stroy/web/server/.store/documents/81/0/thumb_523e226e-4627-45b9-b08a-48b68b766744.jpg	1365	4	3	2018-04-22 15:28:46.475+07	2018-04-22 15:33:15.362+07	34
319	/Users/tony/Documents/repo/stroy/web/server/.store/documents/81/0/thumb_0b8439ea-87a8-40cd-81c4-fea761726414.jpg	1375	4	3	2018-04-22 15:30:19.605+07	2018-04-22 15:34:12.844+07	34
320	/Users/tony/Documents/repo/stroy/web/server/.store/documents/81/0/thumb_c22cb4fc-eca4-4c89-b4a2-2a38982871c9.jpg	1376	4	3	2018-04-22 15:30:23.679+07	2018-04-22 15:34:18.576+07	34
\.


--
-- Data for Name: Tokens; Type: TABLE DATA; Schema: public; Owner: postgres
--

COPY public."Tokens" (id, token, "UserId", "syncAt", "createdAt", "updatedAt") FROM stdin;
1032	3aab1122-1eff-4572-9183-af0219d370bc	1	2019-06-05 12:31:17.769+07	2019-06-05 09:16:44.326+07	2019-06-05 12:31:17.769+07
1031	77efc72a-d3a6-4ce6-962c-31f07d8aa72d	3	2019-06-03 16:49:03.01+07	2019-06-03 15:44:40.748+07	2019-06-03 16:49:03.01+07
1030	8238fd30-9c8c-4ffe-ad01-53281577b245	1	2019-06-04 10:08:45.48+07	2019-06-03 15:41:09.962+07	2019-06-04 10:08:45.481+07
1028	5ac18eef-dbac-4c50-acea-5812c849e06c	1	2019-05-28 17:26:07.436+07	2019-05-28 17:26:07.436+07	2019-05-28 17:26:07.436+07
\.


--
-- Data for Name: UserGroups; Type: TABLE DATA; Schema: public; Owner: postgres
--

COPY public."UserGroups" (id, "userId", "groupId", "createdAt", "updatedAt") FROM stdin;
\.


--
-- Data for Name: Users; Type: TABLE DATA; Schema: public; Owner: postgres
--

COPY public."Users" (id, name, email, "firstName", "secondName", "lastName", "phoneNumber", password, "positionId", "createdAt", "updatedAt", "isActive", "activationCode", "isAdmin") FROM stdin;
44	ivan	\N	Иван	Иванович	Иванов	0009999888	202cb962ac59075b964b07152d234b70	1	2017-10-03 01:55:01.044+07	2017-10-16 03:06:11.49+07	t	\N	f
43	redi	\N	Роман		Семенов	123098	202cb962ac59075b964b07152d234b70	1	2017-10-03 01:54:24.368+07	2017-11-25 18:42:07.768+07	t	\N	f
46	test	asdf@adsf.ru	sadf	sadf	safd	123123	d41d8cd98f00b204e9800998ecf8427e	1	2018-02-13 04:22:03.824+07	2018-02-13 04:24:39.163+07	t	\N	f
1	user		Николай		Дионисов	+799999998	4297f44b13955235245b2497399d7a93	2	2017-04-04 00:00:00+07	2018-03-12 03:49:46.339+07	t	\N	f
3	gordon	\N	Гордон	Тимофеич	Фриман	+7999999999	202cb962ac59075b964b07152d234b70	2	2017-08-04 02:37:50.754+07	2018-10-22 17:13:33.549+07	t	\N	f
48	\N	\N	\N	\N	\N	\N	\N	\N	2018-12-05 17:01:26.981+07	2018-12-05 17:01:26.981+07	f	6z6ot0	f
53	+7 (923) 595-41-01	\N	\N	\N	\N	+7 (923) 595-41-01	\N	\N	2018-12-05 17:06:41.946+07	2018-12-05 17:06:41.946+07	f	zsq7pd	f
54	+7 (923) 595-41-02	\N	\N	\N	\N	+7 (923) 595-41-02	\N	\N	2018-12-05 17:07:55.799+07	2018-12-05 17:07:55.799+07	f	h6c6t5	f
56	+7 (923) 595-41-04	\N	\N	\N	\N	+7 (923) 595-41-04	\N	\N	2018-12-05 17:09:18.593+07	2018-12-05 17:09:18.593+07	f	1g1t73	f
55	+7 (923) 595-41-03	\N	\N	\N	\N	+7 (923) 595-41-03	\N	\N	2018-12-05 17:08:12.998+07	2018-12-10 23:30:59.531+07	t	3a00gs	f
58	+7 (923) 595-41-09	\N	1	\N	2	+7 (923) 595-41-09	\N	\N	2018-12-11 00:22:52.134+07	2018-12-11 00:32:39.095+07	t	4jlh41	f
49	+7 (923) 595-41-38	\N	one	three	two	+7 (923) 595-41-38	\N	\N	2018-12-05 17:03:09.005+07	2018-12-11 00:39:04.867+07	t	0mtac2	f
52	+7 (923) 595-41-39	\N	\N	\N	\N	+7 (923) 595-41-39	\N	\N	2018-12-05 17:04:29.137+07	2018-12-11 00:41:25.889+07	t	zy8tba	f
\.


--
-- Name: ChatMessageAttachments_id_seq; Type: SEQUENCE SET; Schema: public; Owner: postgres
--

SELECT pg_catalog.setval('public."ChatMessageAttachments_id_seq"', 6, true);


--
-- Name: ChatMessagesStatus_id_seq; Type: SEQUENCE SET; Schema: public; Owner: postgres
--

SELECT pg_catalog.setval('public."ChatMessagesStatus_id_seq"', 1, false);


--
-- Name: ChatMessages_id_seq; Type: SEQUENCE SET; Schema: public; Owner: postgres
--

SELECT pg_catalog.setval('public."ChatMessages_id_seq"', 185, true);


--
-- Name: ChatRoomUsers_id_seq; Type: SEQUENCE SET; Schema: public; Owner: postgres
--

SELECT pg_catalog.setval('public."ChatRoomUsers_id_seq"', 64, true);


--
-- Name: ChatRooms_id_seq; Type: SEQUENCE SET; Schema: public; Owner: postgres
--

SELECT pg_catalog.setval('public."ChatRooms_id_seq"', 23, true);


--
-- Name: DeepLinks_id_seq; Type: SEQUENCE SET; Schema: public; Owner: postgres
--

SELECT pg_catalog.setval('public."DeepLinks_id_seq"', 11, true);


--
-- Name: Descriptors_id_seq; Type: SEQUENCE SET; Schema: public; Owner: postgres
--

SELECT pg_catalog.setval('public."Descriptors_id_seq"', 14, true);


--
-- Name: DocumentVersions_id_seq; Type: SEQUENCE SET; Schema: public; Owner: postgres
--

SELECT pg_catalog.setval('public."DocumentVersions_id_seq"', 74, true);


--
-- Name: Documents_id_seq; Type: SEQUENCE SET; Schema: public; Owner: postgres
--

SELECT pg_catalog.setval('public."Documents_id_seq"', 113, true);


--
-- Name: Events_id_seq; Type: SEQUENCE SET; Schema: public; Owner: postgres
--

SELECT pg_catalog.setval('public."Events_id_seq"', 133, true);


--
-- Name: Files_id_seq; Type: SEQUENCE SET; Schema: public; Owner: postgres
--

SELECT pg_catalog.setval('public."Files_id_seq"', 1437, true);


--
-- Name: Groups_id_seq; Type: SEQUENCE SET; Schema: public; Owner: postgres
--

SELECT pg_catalog.setval('public."Groups_id_seq"', 2, true);


--
-- Name: Notes_id_seq; Type: SEQUENCE SET; Schema: public; Owner: postgres
--

SELECT pg_catalog.setval('public."Notes_id_seq"', 31, true);


--
-- Name: Notifications_id_seq; Type: SEQUENCE SET; Schema: public; Owner: postgres
--

SELECT pg_catalog.setval('public."Notifications_id_seq"', 135, true);


--
-- Name: OrganizationUser_id_seq; Type: SEQUENCE SET; Schema: public; Owner: postgres
--

SELECT pg_catalog.setval('public."OrganizationUser_id_seq"', 12, true);


--
-- Name: Organizations_id_seq; Type: SEQUENCE SET; Schema: public; Owner: postgres
--

SELECT pg_catalog.setval('public."Organizations_id_seq"', 3, true);


--
-- Name: Positions_id_seq; Type: SEQUENCE SET; Schema: public; Owner: postgres
--

SELECT pg_catalog.setval('public."Positions_id_seq"', 3, true);


--
-- Name: ProjectUser_id_seq; Type: SEQUENCE SET; Schema: public; Owner: postgres
--

SELECT pg_catalog.setval('public."ProjectUser_id_seq"', 79, true);


--
-- Name: Projects_id_seq; Type: SEQUENCE SET; Schema: public; Owner: postgres
--

SELECT pg_catalog.setval('public."Projects_id_seq"', 18, true);


--
-- Name: RegistrationIds_id_seq; Type: SEQUENCE SET; Schema: public; Owner: postgres
--

SELECT pg_catalog.setval('public."RegistrationIds_id_seq"', 5, true);


--
-- Name: Rights_id_seq; Type: SEQUENCE SET; Schema: public; Owner: postgres
--

SELECT pg_catalog.setval('public."Rights_id_seq"', 1, false);


--
-- Name: Tasks_id_seq; Type: SEQUENCE SET; Schema: public; Owner: postgres
--

SELECT pg_catalog.setval('public."Tasks_id_seq"', 353, true);


--
-- Name: Tokens_id_seq; Type: SEQUENCE SET; Schema: public; Owner: postgres
--

SELECT pg_catalog.setval('public."Tokens_id_seq"', 1032, true);


--
-- Name: UserGroups_id_seq; Type: SEQUENCE SET; Schema: public; Owner: postgres
--

SELECT pg_catalog.setval('public."UserGroups_id_seq"', 1, false);


--
-- Name: Users_id_seq; Type: SEQUENCE SET; Schema: public; Owner: postgres
--

SELECT pg_catalog.setval('public."Users_id_seq"', 58, true);


--
-- Name: ChatRoomUsers ChatRoomUsers_pkey; Type: CONSTRAINT; Schema: public; Owner: postgres
--

ALTER TABLE ONLY public."ChatRoomUsers"
    ADD CONSTRAINT "ChatRoomUsers_pkey" PRIMARY KEY (id);


--
-- Name: DeepLinks DeepLinks_key_key; Type: CONSTRAINT; Schema: public; Owner: postgres
--

ALTER TABLE ONLY public."DeepLinks"
    ADD CONSTRAINT "DeepLinks_key_key" UNIQUE (key);


--
-- Name: DeepLinks DeepLinks_pkey; Type: CONSTRAINT; Schema: public; Owner: postgres
--

ALTER TABLE ONLY public."DeepLinks"
    ADD CONSTRAINT "DeepLinks_pkey" PRIMARY KEY (id);


--
-- Name: Descriptors Descriptors_pkey; Type: CONSTRAINT; Schema: public; Owner: postgres
--

ALTER TABLE ONLY public."Descriptors"
    ADD CONSTRAINT "Descriptors_pkey" PRIMARY KEY (id);


--
-- Name: DocumentVersions DocumentVersions_pkey; Type: CONSTRAINT; Schema: public; Owner: postgres
--

ALTER TABLE ONLY public."DocumentVersions"
    ADD CONSTRAINT "DocumentVersions_pkey" PRIMARY KEY (id);


--
-- Name: Documents Documents_pkey; Type: CONSTRAINT; Schema: public; Owner: postgres
--

ALTER TABLE ONLY public."Documents"
    ADD CONSTRAINT "Documents_pkey" PRIMARY KEY (id);


--
-- Name: Events Events_pkey; Type: CONSTRAINT; Schema: public; Owner: postgres
--

ALTER TABLE ONLY public."Events"
    ADD CONSTRAINT "Events_pkey" PRIMARY KEY (id);


--
-- Name: Files Files_pkey; Type: CONSTRAINT; Schema: public; Owner: postgres
--

ALTER TABLE ONLY public."Files"
    ADD CONSTRAINT "Files_pkey" PRIMARY KEY (id);


--
-- Name: Groups Groups_name_key; Type: CONSTRAINT; Schema: public; Owner: postgres
--

ALTER TABLE ONLY public."Groups"
    ADD CONSTRAINT "Groups_name_key" UNIQUE (name);


--
-- Name: Groups Groups_pkey; Type: CONSTRAINT; Schema: public; Owner: postgres
--

ALTER TABLE ONLY public."Groups"
    ADD CONSTRAINT "Groups_pkey" PRIMARY KEY (id);


--
-- Name: Notes Notes_pkey; Type: CONSTRAINT; Schema: public; Owner: postgres
--

ALTER TABLE ONLY public."Notes"
    ADD CONSTRAINT "Notes_pkey" PRIMARY KEY (id);


--
-- Name: Notifications Notifications_pkey; Type: CONSTRAINT; Schema: public; Owner: postgres
--

ALTER TABLE ONLY public."Notifications"
    ADD CONSTRAINT "Notifications_pkey" PRIMARY KEY (id);


--
-- Name: OrganizationUser OrganizationUser_pkey; Type: CONSTRAINT; Schema: public; Owner: postgres
--

ALTER TABLE ONLY public."OrganizationUser"
    ADD CONSTRAINT "OrganizationUser_pkey" PRIMARY KEY (id);


--
-- Name: Organizations Organizations_pkey; Type: CONSTRAINT; Schema: public; Owner: postgres
--

ALTER TABLE ONLY public."Organizations"
    ADD CONSTRAINT "Organizations_pkey" PRIMARY KEY (id);


--
-- Name: Positions Positions_pkey; Type: CONSTRAINT; Schema: public; Owner: postgres
--

ALTER TABLE ONLY public."Positions"
    ADD CONSTRAINT "Positions_pkey" PRIMARY KEY (id);


--
-- Name: ProjectUser ProjectUser_pkey; Type: CONSTRAINT; Schema: public; Owner: postgres
--

ALTER TABLE ONLY public."ProjectUser"
    ADD CONSTRAINT "ProjectUser_pkey" PRIMARY KEY (id);


--
-- Name: Projects Projects_pkey; Type: CONSTRAINT; Schema: public; Owner: postgres
--

ALTER TABLE ONLY public."Projects"
    ADD CONSTRAINT "Projects_pkey" PRIMARY KEY (id);


--
-- Name: RegistrationIds RegistrationIds_pkey; Type: CONSTRAINT; Schema: public; Owner: postgres
--

ALTER TABLE ONLY public."RegistrationIds"
    ADD CONSTRAINT "RegistrationIds_pkey" PRIMARY KEY (id);


--
-- Name: RegistrationIds RegistrationIds_regId_key; Type: CONSTRAINT; Schema: public; Owner: postgres
--

ALTER TABLE ONLY public."RegistrationIds"
    ADD CONSTRAINT "RegistrationIds_regId_key" UNIQUE ("regId");


--
-- Name: Rights Rights_pkey; Type: CONSTRAINT; Schema: public; Owner: postgres
--

ALTER TABLE ONLY public."Rights"
    ADD CONSTRAINT "Rights_pkey" PRIMARY KEY (id);


--
-- Name: SequelizeMeta SequelizeMeta_pkey; Type: CONSTRAINT; Schema: public; Owner: postgres
--

ALTER TABLE ONLY public."SequelizeMeta"
    ADD CONSTRAINT "SequelizeMeta_pkey" PRIMARY KEY (name);


--
-- Name: Tasks Tasks_pkey; Type: CONSTRAINT; Schema: public; Owner: postgres
--

ALTER TABLE ONLY public."Tasks"
    ADD CONSTRAINT "Tasks_pkey" PRIMARY KEY (id);


--
-- Name: Tokens Tokens_pkey; Type: CONSTRAINT; Schema: public; Owner: postgres
--

ALTER TABLE ONLY public."Tokens"
    ADD CONSTRAINT "Tokens_pkey" PRIMARY KEY (id);


--
-- Name: UserGroups UserGroups_pkey; Type: CONSTRAINT; Schema: public; Owner: postgres
--

ALTER TABLE ONLY public."UserGroups"
    ADD CONSTRAINT "UserGroups_pkey" PRIMARY KEY (id);


--
-- Name: Users Users_email_key; Type: CONSTRAINT; Schema: public; Owner: postgres
--

ALTER TABLE ONLY public."Users"
    ADD CONSTRAINT "Users_email_key" UNIQUE (email);


--
-- Name: Users Users_name_key; Type: CONSTRAINT; Schema: public; Owner: postgres
--

ALTER TABLE ONLY public."Users"
    ADD CONSTRAINT "Users_name_key" UNIQUE (name);


--
-- Name: Users Users_phoneNumber_key; Type: CONSTRAINT; Schema: public; Owner: postgres
--

ALTER TABLE ONLY public."Users"
    ADD CONSTRAINT "Users_phoneNumber_key" UNIQUE ("phoneNumber");


--
-- Name: Users Users_pkey; Type: CONSTRAINT; Schema: public; Owner: postgres
--

ALTER TABLE ONLY public."Users"
    ADD CONSTRAINT "Users_pkey" PRIMARY KEY (id);


--
-- Name: ChatMessagesStatus uniqueStatus; Type: CONSTRAINT; Schema: public; Owner: postgres
--

ALTER TABLE ONLY public."ChatMessagesStatus"
    ADD CONSTRAINT "uniqueStatus" UNIQUE ("userId", "messageId");


--
-- Name: UserProjectIndex; Type: INDEX; Schema: public; Owner: postgres
--

CREATE UNIQUE INDEX "UserProjectIndex" ON public."ProjectUser" USING btree ("UserId", "ProjectId");


--
-- PostgreSQL database dump complete
--

